"Orthetik obere Extremität";"Risiko";"Gültigkeit am 2025-10-18 19:04:59";;;;;;;;;;
;;;;;;;;;;;;
"Risikobezug";"Relevant";"Ursache";"Wirkung";"Wahrscheinlichkeit";"Schaden";"Akzeptanzlevel";"Maßnahme";"Wahrscheinlichkeit nach Maßnahme";"Schaden nach Maßnahme";"Akzeptanzlevel danach";"Risiko-Nutzen-Abwägung";"Verbleibende Maßnahmen sofern zutreffend"
"1 Gefährdungen durch Energien 1.1 Elektrizität";"ja";"Zu hoch eingestellte Stromstärke am FES-System";"Verbrennung, Hautschädigung, gesundheitliche Beeinträchtigung";"möglich";"besonders hoch";"Überschreitet das definierte Akzeptanzniveau";"Systematische Zustandserhebung und Festlegung der Versorgung durch qualifizierte Mitarbeiter, systematische Anprobe und Konfiguration durch qualifizierte Mitarbeiter, Unterweisung der Patienten";"unwahrscheinlich";"besonders hoch";"Innerhalb des definierten Akzeptanzniveaus";"Ist das Versorgungskonzept auf Basis der Erhebung festgelegt, stellen andere Konzepte eine Verschlechterung der Versorgungssituation dar und gefährden damit den Versorgungs/Therapieerfolg.";
"1 Gefährdungen durch Energien 1.2 Hitze";"ja";"Übermäßige Erhitzung von Akkumulatoren, Hydrauliken, E-Motoren bei extremer Nutzung der Orthese";"Verbrennungsgefahr bei Berührung";"möglich";"hoch";"Überschreitet das definierte Akzeptanzniveau";"Systematische Zustandserhebung und Festlegung der Versorgung durch qualifizierte Mitarbeiter, Beachtung der Herstellerrichtlinien, Unterweisung der Patienten";"unwahrscheinlich";"mittel";"Innerhalb des definierten Akzeptanzniveaus";"Das Restrisiko einer Fehlnutzung muss akzeptiert werden, da andernfalls keine Versorgung erfolgen kann.";"Hinweis in GA: bestimmungsgemäßer Gebrauch, Einsatz und Belastungsgrenzen, Inspektion / Festlegung von Wartungsintervallen"
"1 Gefährdungen durch Energien 1.3 mechanische Kräfte";"ja";"Einklemmen durch fehlende Gelenkabdeckungen";"Haut- oder Weichteilschädigung";"möglich";"hoch";"Überschreitet das definierte Akzeptanzniveau";"Systematische Zustandserhebung und Festlegung der Versorgung durch qualifizierte Mitarbeiter; Schutzbezug der Gelenke";"unwahrscheinlich";"hoch";"Innerhalb des definierten Akzeptanzniveaus";"Das Restrisiko für spontane Weichteilschädigungen muss akzeptiert werden, da andernfalls keine Versorgung erfolgen kann.";"Hinweis in GA: Handhabung / Funktionsweise / Risiken, Inspektion / Wartung"
"1 Gefährdungen durch Energien 1.3 mechanische Kräfte";"ja";"Einklemmen durch fehlende Gelenkabdeckungen";"Haut- oder Weichteilschädigung";"möglich";"hoch";"Überschreitet das definierte Akzeptanzniveau";"Systematische Zustandserhebung und Festlegung der Versorgung durch qualifizierte Mitarbeiter; Schutzbezug der Gelenke";"unwahrscheinlich";"hoch";"Innerhalb des definierten Akzeptanzniveaus";"Das Restrisiko für spontane Weichteilschädigungen muss akzeptiert werden, da andernfalls keine Versorgung erfolgen kann.";"Hinweis in GA: Handhabung / Funktionsweise / Risiken, Inspektion / Wartung"
"1 Gefährdungen durch Energien 1.3 mechanische Kräfte
5 Gefährdungen im Zusammenhang mit der Anwendung des Medizinprodukts 5.8 begründet voraussehbarer Missbrauch";"ja";"Quengelfeder zu stark eingestellt";"Einklemmen von Körperteilen, strukturelle Veränderungen";"wahrscheinlich";"besonders hoch";"Überschreitet das definierte Akzeptanzniveau";"Systematische Zustandserhebung und Festlegung der Versorgung durch qualifizierte Mitarbeiter; Anprobe durch qualifizierte Mitarbeiter; Unterweisung der Patienten";"möglich";"besonders hoch";"Überschreitet das definierte Akzeptanzniveau";"Das Restrisiko für spontane Weichteilschädigungen muss akzeptiert werden, da andernfalls keine Versorgung erfolgen kann.";
"1 Gefährdungen durch Energien 1.7 unbeabsichtigte Bewegungen";"ja";"Sperre bei dynamischen Gelenken nicht fixiert";"Einklemmen von Körperteilen";"möglich";"hoch";"Überschreitet das definierte Akzeptanzniveau";"Funktionsprüfung vor Abgabe";"möglich";"mittel";"Innerhalb des definierten Akzeptanzniveaus";"Das Restrisiko für spontane Weichteilschädigungen muss akzeptiert werden, da andernfalls keine Versorgung erfolgen kann.";"Hinweis in GA: Inspektion / Wartung"
"2 Biologische Gefährdungen 2.10 erneute und/oder Kreuzinfektion
8 Gefährdungen infolge von Herstellungsfehlern 8.4 Fehlerhafte Fertigung";"ja";"Mangelnde Sorgfalt im OT-Betrieb";"Infektionen, Hautschädigung, Reizung, Unverträglichkeit, Sensibilisierung";"möglich";"besonders hoch";"Überschreitet das definierte Akzeptanzniveau";"Maßnahmen laut QM-Handbuch: Sauberkeit und Hygiene, Mitarbeiterschulung intern";"möglich";"mittel";"Innerhalb des definierten Akzeptanzniveaus";"Das Restrisiko für spontane Weichteilschädigungen muss akzeptiert werden, da andernfalls keine Versorgung erfolgen kann.";
"2 Biologische Gefährdungen 2.11 Pyrogenität
3 Gefährdungen durch die Umwelt 3.6 Lagerung oder Betrieb außerhalb der vorgeschriebenen Umweltbedingungen
3 Gefährdungen durch die Umwelt 3.11 Entflammbarkeit";"ja";"Lagerung an Hitzequellen; Mangelnde Sicherheit bei Umgang mit offenem Feuer oder Hitzequelle, Lagerung oder Betrieb außerhalb der Spezifikation";"Verlust der Passform und des Hilfsmittels, Funktionsstörung; Verbrennungen und Vergiftungen durch Verbrennungsprodukte";"möglich";"besonders hoch";"Überschreitet das definierte Akzeptanzniveau";"Systematische Zustandserhebung und Festlegung der Versorgung durch qualifizierte Mitarbeiter";"unwahrscheinlich";"niedrig";"Innerhalb des definierten Akzeptanzniveaus";"Das Restrisiko einer Fehlnutzung muss akzeptiert werden, da andernfalls keine Versorgung erfolgen kann.";"Hinweis in GA: Einsatz- und Belastungsgrenzen"
"2 Biologische Gefährdungen 2.12 Unfähigkeit, die hygienische Sicherheit aufrechtzuerhalten
2 Biologische Gefährdungen 2.5 Allergenität";"ja";"Mangelnde Körperpflege/ Reinigung der Orthese";"Hautschädigung, Reizung, Unverträglichkeit, Sensibilisierung, Infektionen";"sehr wahrscheinlich";"besonders hoch";"Überschreitet das definierte Akzeptanzniveau";"Systematische Zustandserhebung und Festlegung der Versorgung durch qualifizierte Mitarbeiter";"unwahrscheinlich";"hoch";"Innerhalb des definierten Akzeptanzniveaus";"Das Restrisiko für spontane Weichteilschädigungen muss akzeptiert werden, da andernfalls keine Versorgung erfolgen kann.";"Hinweis in GA: Körperpflege, Reinigung / Desinfektion"
"2 Biologische Gefährdungen 2.13 Abbau des Werkstoffs
3 Gefährdungen durch die Umwelt 3.10 unzureichende Beständigkeit gegen Schweiß";"ja";"Materialverschleiß, Materialzersetzung";"Hautschädigung durch Materialermüdung, Bruch der Orthese, Sturzgefahr durch unzureichende elektronische oder mechanische Funktionalität";"sehr wahrscheinlich";"besonders hoch";"Überschreitet das definierte Akzeptanzniveau";"Systematische Zustandserhebung und Festlegung der Versorgung durch qualifizierte Mitarbeiter; Herstellerrichtlinien einhalten";"unwahrscheinlich";"hoch";"Innerhalb des definierten Akzeptanzniveaus";"Das Restrisiko für spontane Weichteilschädigungen und generelle Sturzgefahr muss akzeptiert werden, da andernfalls keine Versorgung erfolgen kann.";"Hinweis in GA: Bestimmungsgemäßer Gebrauch, Einsatz- und Belastungsgrenzen, Inspektion / Wartung"
"2 Biologische Gefährdungen 2.2 biologische Unverträglichkeit";"ja";"Infektion und mikrobiologische Verseuchung durch Kontakt mit Leder auf verletzter Haut";"Reizung, Unverträglichkeit, Sensibilisierung, Infektion";"möglich";"hoch";"Überschreitet das definierte Akzeptanzniveau";"Systematische Zustandserhebung und Festlegung der Versorgung durch qualifizierte Mitarbeiter; Verwendung von geeigneten Materialien gemäß Risikomanagement";"unwahrscheinlich";"hoch";"Innerhalb des definierten Akzeptanzniveaus";"Das Restrisiko für spontane Weichteilschädigungen muss akzeptiert werden, da andernfalls keine Versorgung erfolgen kann.";"Hinweis in GA: Maßnahmen bei verletzter Haut"
"2 Biologische Gefährdungen 2.2 biologische Unverträglichkeit
2 Biologische Gefährdungen 2.4 Toxizität
2 Biologische Gefährdungen 2.5 Allergenität
2 Biologische Gefährdungen 2.6 Mutagenität
2 Biologische Gefährdungen 2.7 Onkogenität
2 Biologische Gefährdungen 2.8 Teratogenität
2 Biologische Gefährdungen 2.9 Karzinogenität";"ja";"Ggf. ungeeignete Materialauswahl";"Vermehrte Schweißbildung, Hautschädigung, Reizung, Unverträglichkeit, Sensibilisierung, biologische Veränderungen";"möglich";"hoch";"Überschreitet das definierte Akzeptanzniveau";"Systematische Zustandserhebung und Festlegung der Versorgung durch qualifizierte Mitarbeiter; Verwendung von geeigneten Materialien gemäß Risikomanagement";"unwahrscheinlich";"hoch";"Innerhalb des definierten Akzeptanzniveaus";"Das Restrisiko für spontane Weichteilschädigungen muss akzeptiert werden, da andernfalls keine Versorgung erfolgen kann.";
"2 Biologische Gefährdungen 2.3 unrichtige Rezeptur (chemische Zusammensetzung)";"ja";"Fehler bei Mischverhältnissen z.B. von Kunstharzen";"biologische Veränderungen";"möglich";"besonders hoch";"Überschreitet das definierte Akzeptanzniveau";"Anwendung technischer Informationen; Festlegung des Herstellungsprozesses durch qualifizierte Mitarbeiter; Verwendung von geeigneten Materialien gemäß Risikomanagement";"unwahrscheinlich";"hoch";"Innerhalb des definierten Akzeptanzniveaus";"Das Restrisiko für spontane Weichteilschädigungen muss akzeptiert werden, da andernfalls keine Versorgung erfolgen kann.";
"2 Biologische Gefährdungen 2.3 unrichtige Rezeptur (chemische Zusammensetzung)";"ja";"Fehler bei Mischverhältnissen z.B. von Kunstharzen";"Delamination, Verlust der Integrität und Stabilität";"möglich";"besonders hoch";"Überschreitet das definierte Akzeptanzniveau";"Anwendung technischer Informationen; Festlegung des Herstellungsprozesses durch qualifizierte Mitarbeiter; Verwendung von geeigneten Materialien gemäß Risikomanagement";"unwahrscheinlich";"hoch";"Innerhalb des definierten Akzeptanzniveaus";"Das Restrisiko für spontane Weichteilschädigungen muss akzeptiert werden, da andernfalls keine Versorgung erfolgen kann.";
"3 Gefährdungen durch die Umwelt 3.2 Empfindlichkeit gegen elektromagnetische Störfelder";"ja";"Unbeabsichtigte Bewegung";"Einklemmen von Körperteilen, Weichteilschädigung";"möglich";"besonders hoch";"Überschreitet das definierte Akzeptanzniveau";"Systematische Zustandserhebung und Festlegung der Versorgung durch qualifizierte Mitarbeiter; Anprobe durch qualifizierte Mitarbeiter, Nutzung von geschirmten Komponenten, Abschirmung von steuerungsrelevanten Kabelverbindungen, Unterweisung, Gehschule";"unwahrscheinlich";"hoch";"Innerhalb des definierten Akzeptanzniveaus";"Das Restrisiko einer insuffizienten Versorgung oder Funktionsreduktion muss akzeptiert werden, da andernfalls keine Versorgung erfolgen kann.";
"3 Gefährdungen durch die Umwelt 3.4 unzureichende Energieversorgung
6 Ungeeignete, unzulängliche oder zu komplizierte Schnittstelle mit dem Anwender 6.6 zweifelhafter oder unklarer Zustand des Gerätes";"ja";"Funktionsverlust der Akkumulatoren, Entladung, Materialverschleiß, Materialzersetzung";"Einklemmen von Körperteilen, Funktionsverlust, Nichterreichung eines Therapieziels, Bruch";"wahrscheinlich";"besonders hoch";"Überschreitet das definierte Akzeptanzniveau";"Unterweisung der Patienten durch qualifizierte Mitarbeiter";"unwahrscheinlich";"hoch";"Innerhalb des definierten Akzeptanzniveaus";"Das Restrisiko einer insuffizienten Versorgung oder Funktionsreduktion muss akzeptiert werden, da andernfalls keine Versorgung erfolgen kann.";"Hinweis in GA: Einsatz- und Belastungsgrenzen, Handhabung / Funktionsweise, Inspektion / Wartung"
"3 Gefährdungen durch die Umwelt 3.9 unzureichende Beständigkeit gegen Reinigungs- und Desinfektionsmittel";"ja";"Kontakt mit ungeeigneten Reinigungsmitteln";"Hautschädigung durch Materialermüdung, Defekt";"möglich";"hoch";"Überschreitet das definierte Akzeptanzniveau";"Systematische Zustandserhebung und Festlegung der Versorgung durch qualifizierte Mitarbeiter";"unwahrscheinlich";"hoch";"Innerhalb des definierten Akzeptanzniveaus";"Das Restrisiko einer Fehlnutzung muss akzeptiert werden, da andernfalls keine Versorgung erfolgen kann.";"Hinweis in GA: Reinigungshinweise"
"5 Gefährdungen im Zusammenhang mit der Anwendung des Medizinprodukts 5.1 mangelhafte Kennzeichnung";"ja";"unzureichende Befestigung der Sonderanfertigungskennzeichnung";"keine Rückverfolgbarkeit";"möglich";"besonders hoch";"Überschreitet das definierte Akzeptanzniveau";"ausreichende Kennzeichnung durch qualifizierte Mitarbeiter";"möglich";"niedrig";"Innerhalb des definierten Akzeptanzniveaus";"Das Restrisiko einer Fehlnutzung muss akzeptiert werden, da andernfalls keine Versorgung erfolgen kann.";
"5 Gefährdungen im Zusammenhang mit der Anwendung des Medizinprodukts 5.10 lose Verbindung
5 Gefährdungen im Zusammenhang mit der Anwendung des Medizinprodukts 5.11 mechanische Beschädigung";"ja";"Verschlusssystem defekt";"Funktionsverlust, Nichterreichung eines Therapieziels";"möglich";"besonders hoch";"Überschreitet das definierte Akzeptanzniveau";"Gebrauchsschulung, Unterweisung der Patienten und Helfern. Kontrolle durch qualifizierte Mitarbeiter.";"möglich";"mittel";"Innerhalb des definierten Akzeptanzniveaus";"Ist das Versorgungskonzept auf Basis der Erhebung festgelegt, stellen andere Anbindungskonzepte eine Verschlechterung der Versorgungssituation dar und gefährden damit den Versorgungserfolg.";"Hinweis in GA: Handhabung / Funktion"
"5 Gefährdungen im Zusammenhang mit der Anwendung des Medizinprodukts 5.12 fehlerhafte mechanische Verbindung";"ja";"Unzureichende Verarbeitung von Schraub- und Nietverbindungen";"Funktionsverlust, Nichterreichung eines Therapieziels, Hautverletzungen";"möglich";"hoch";"Überschreitet das definierte Akzeptanzniveau";"Zustandserhebung und Festlegung der Versorgung zur qualifizierte Mitarbeiter; Funktionsprüfung vor Abgabe";"unwahrscheinlich";"hoch";"Innerhalb des definierten Akzeptanzniveaus";"Das Restrisiko für spontane Weichteilschädigungen muss akzeptiert werden, da andernfalls keine Versorgung erfolgen kann.";
"5 Gefährdungen im Zusammenhang mit der Anwendung des Medizinprodukts 5.13 unzureichende Maßnahmen gegen Abrutschen";"ja";"mangelnde Konturierung, Vergurtungssystem";"stärkerer Axialhub, Hängenbleiben in der Schwungphase";"möglich";"besonders hoch";"Überschreitet das definierte Akzeptanzniveau";"Systematische Zustandserhebung und Festlegung der Versorgung zur qualifizierte Mitarbeiter; Funktionsprüfung vor Abgabe";"möglich";"mittel";"Innerhalb des definierten Akzeptanzniveaus";"Das Restrisiko einer insuffizienten Versorgung oder Funktionsreduktion muss akzeptiert werden, da andernfalls keine Versorgung erfolgen kann.";"Hinweis in GA: Inspektion / Wartung"
"5 Gefährdungen im Zusammenhang mit der Anwendung des Medizinprodukts 5.18 scharfe Kanten und Ecken
8 Gefährdungen infolge von Herstellungsfehlern 8.3 Fehlerhafte herstellungsbegleitende Prüfungen";"ja";"Ungenügende Randbearbeitung (zu rau, zu dünn, zu scharfkantig); ggf. Defekt";"Hautschädigung durch Kantendruck";"möglich";"hoch";"Überschreitet das definierte Akzeptanzniveau";"Materialauswahl durch qualifizierte Mitarbeiter; Prüfung vor der Anprobe";"unwahrscheinlich";"hoch";"Innerhalb des definierten Akzeptanzniveaus";"Das Restrisiko für spontane Weichteilschädigungen muss akzeptiert werden, da andernfalls keine Versorgung erfolgen kann.";"Hinweis in GA: Melden von Problemen, Inspektion / Wartung"
"5 Gefährdungen im Zusammenhang mit der Anwendung des Medizinprodukts 5.2 unzureichende Gebrauchsanweisungen";"ja";"unzulässiges Autofahren mit Orthese";"Gefährdun";"wahrscheinlich";"besonders hoch";"Überschreitet das definierte Akzeptanzniveau";"Aufklärung des Patienten, Abklärung durch TÜV o.ä.";"möglich";"mittel";"Innerhalb des definierten Akzeptanzniveaus";"Das Restrisiko einer Fehlnutzung muss akzeptiert werden, da andernfalls keine Versorgung erfolgen kann.";"Hinweis in GA: Handhabung / Funktionsweise / Risiken"
"5 Gefährdungen im Zusammenhang mit der Anwendung des Medizinprodukts 5.3 unzureichender Spezifikationen von Zubehör, das mit dem Medizinprodukt anzuwenden ist
5 Gefährdungen im Zusammenhang mit der Anwendung des Medizinprodukts 5.17 Unverträglichkeit mit Verbrauchsmaterialien / Zubehörteilen anderer Medizinprodukte";"ja";"z.B. Verwendung eines falschen Ladegeräts";"Funktionsverlust, Kurzschluss, Elektronikfehler";"sehr wahrscheinlich";"besonders hoch";"Überschreitet das definierte Akzeptanzniveau";"Systematische Zustandserhebung und Festlegung der Versorgung; Herstellerrichtlinien einhalten; Verwendung von freigegebenen Komponentenkombinationen; Unterweisung der Patienten durch qualifizierte Mitarbeiter";"unwahrscheinlich";"hoch";"Innerhalb des definierten Akzeptanzniveaus";"Das Restrisiko einer Fehlnutzung muss akzeptiert werden, da andernfalls keine Versorgung erfolgen kann.";"Hinweis in GA: zu verwendendes Zubehör"
"5 Gefährdungen im Zusammenhang mit der Anwendung des Medizinprodukts 5.4 unzureichende Prüfung der Spezifikation vor der Anwendung";"ja";"Passformkontrolle, Statik, Patientenanforderung, Indikation";"unzureichende Paßform, Druckstellen";"möglich";"besonders hoch";"Überschreitet das definierte Akzeptanzniveau";"Arbeitsanweisungen einhalten / Überwachen durch Qualitätskontrolle";"unwahrscheinlich";"niedrig";"Innerhalb des definierten Akzeptanzniveaus";"Das Restrisiko einer insuffizienten Versorgung oder Funktionsreduktion muss akzeptiert werden, da andernfalls keine Versorgung erfolgen kann.";
"5 Gefährdungen im Zusammenhang mit der Anwendung des Medizinprodukts 5.4 unzureichende Prüfung der Spezifikation vor der Anwendung";"ja";"Volumenschwankungen an der Extremität";"Insuffiziente Passform, Durchblutungsstörungen";"möglich";"hoch";"Überschreitet das definierte Akzeptanzniveau";"Systematische Zustandserhebung und Anprobe durch qualifizierte Mitarbeiter, Adaptivität oder Kompressionsversorgung erwägen";"unwahrscheinlich";"hoch";"Innerhalb des definierten Akzeptanzniveaus";"Das Restrisiko für spontane Weichteilschädigungen muss akzeptiert werden, da andernfalls keine Versorgung erfolgen kann.";
"5 Gefährdungen im Zusammenhang mit der Anwendung des Medizinprodukts 5.4 unzureichende Prüfung der Spezifikation vor der Anwendung
5 Gefährdungen im Zusammenhang mit der Anwendung des Medizinprodukts 5.8 begründet voraussehbarer Missbrauch";"ja";"unsachgemäße Benutzung durch den Patienten, z.B. Kontakt der Prothese mit Säuren oder Salzwasser";"Funktionsverlust, Nichterreichung eines Therapieziels";"sehr wahrscheinlich";"besonders hoch";"Überschreitet das definierte Akzeptanzniveau";"Systematische Zustandserhebung und Festlegung der Versorgung durch qualifizierte Mitarbeiter; Beachtung der Herstellerrichtlinien";"möglich";"mittel";"Innerhalb des definierten Akzeptanzniveaus";"Das Restrisiko einer insuffizienten Versorgung oder Funktionsreduktion muss akzeptiert werden, da andernfalls keine Versorgung erfolgen kann.";"Hinweis in GA: Einsatz- und Belastungsgrenzen, Instandhaltung/ Wartung"
"5 Gefährdungen im Zusammenhang mit der Anwendung des Medizinprodukts 5.4 unzureichende Prüfung der Spezifikation vor der Anwendung
7 Gefährdungen infolge von Funktionsfehlern, falscher Wartung und Alterung 7.4 fehlende geeignete Festlegung, wann die Gebrauchsfähigkeit des Medizinprodukts ausläuft";"ja";"Längenwachstum bei Kindern, Kontrollintervall zu groß";"Bleibende Skelettdeformitäten, Folgeschäden, Funktionsverlust, Nichterreichung eines Therapieziels";"wahrscheinlich";"besonders hoch";"Überschreitet das definierte Akzeptanzniveau";"Unterweisung der Patienten durch qualifizierte Mitarbeiter, regelmäßige Kontrolle und Versorgungsevaluation";"möglich";"mittel";"Innerhalb des definierten Akzeptanzniveaus";"Das Restrisiko einer Fehlnutzung muss akzeptiert werden, da andernfalls keine Versorgung erfolgen kann.";"Hinweis in GA: Handhabung / Funktionsweise, Inspektion / Wartung"
"5 Gefährdungen im Zusammenhang mit der Anwendung des Medizinprodukts 5.4 unzureichende Prüfung der Spezifikation vor der Anwendung
8 Gefährdungen infolge von Herstellungsfehlern 8.3 Fehlerhafte herstellungsbegleitende Prüfungen";"ja";"Unzureichende Passform";"Hautschädigung bei Benutzung durch Druckstellen";"möglich";"hoch";"Überschreitet das definierte Akzeptanzniveau";"Systematische Zustandserhebung und Festlegung der Versorgung durch qualifizierte Mitarbeiter; Systematische Abformtechnik; Anprobe durch qualifizierte Mitarbeiter";"unwahrscheinlich";"hoch";"Innerhalb des definierten Akzeptanzniveaus";"Das Restrisiko für spontane Weichteilschädigungen muss akzeptiert werden, da andernfalls keine Versorgung erfolgen kann.";"Hinweis in GA: Melden von Problemen, Inspektion / Wartung"
"5 Gefährdungen im Zusammenhang mit der Anwendung des Medizinprodukts 5.4 unzureichende Prüfung der Spezifikation vor der Anwendung
8 Gefährdungen infolge von Herstellungsfehlern 8.3 Fehlerhafte herstellungsbegleitende Prüfungen";"ja";"Unzureichende Passform, Stumpfschwankungen";"Hautschädigung bei Benutzung durch Druckstellen";"möglich";"hoch";"Überschreitet das definierte Akzeptanzniveau";"Systematische Zustandserhebung und Festlegung der Versorgung durch qualifizierte Mitarbeiter; Systematische Abformtechnik; Anprobe durch qualifizierte Mitarbeiter";"unwahrscheinlich";"hoch";"Innerhalb des definierten Akzeptanzniveaus";"Das Restrisiko für spontane Weichteilschädigungen muss akzeptiert werden, da andernfalls keine Versorgung erfolgen kann.";"Hinweis in GA: Melden von Problemen, Inspektion / Wartung"
"5 Gefährdungen im Zusammenhang mit der Anwendung des Medizinprodukts 5.6 unzureichender Spezifikationen für Betrieb und Wartung";"ja";"Schienengelenke werden fest/ fehlende Wartung";"Funktionsverlust, Nichterreichung eines Therapieziels";"möglich";"hoch";"Überschreitet das definierte Akzeptanzniveau";"Funktionsprüfung vor Abgabe";"unwahrscheinlich";"hoch";"Innerhalb des definierten Akzeptanzniveaus";"Das Restrisiko einer insuffizienten Versorgung oder Funktionsreduktion muss akzeptiert werden, da andernfalls keine Versorgung erfolgen kann.";"Hinweis in GA: Inspektion / Wartung"
"5 Gefährdungen im Zusammenhang mit der Anwendung des Medizinprodukts 5.7 Anwendung durch unausgebildetes/ungeübtes Personal";"ja";"Eigenes / nicht fachmännisches Manipulieren am Hilfsmitte";"Vorzeitiger Verschleiß, Gefährdung des Versorgungsziels";"möglich";"besonders hoch";"Überschreitet das definierte Akzeptanzniveau";"Unterweisung der Patienten durch qualifizierte Mitarbeiter";"unwahrscheinlich";"hoch";"Innerhalb des definierten Akzeptanzniveaus";"Das Restrisiko einer Fehlnutzung muss akzeptiert werden, da andernfalls keine Versorgung erfolgen kann.";"Hinweis in GA: Einsatz - und Belastungsgrenzen, Handhabung / Funktionsweise, Instandhaltung, Risiken, Inspektion / Wartung"
"5 Gefährdungen im Zusammenhang mit der Anwendung des Medizinprodukts 5.7 Anwendung durch unausgebildetes/ungeübtes Personal";"ja";"falsche Anziehtechnik";"Einklemmen von Körperteilen, Weichteilschädigung";"sehr wahrscheinlich";"hoch";"Überschreitet das definierte Akzeptanzniveau";"Systematische Zustandserhebung und Festlegung der Versorgung durch qualifizierte Mitarbeiter; Anprobe durch qualifizierte Mitarbeiter; Unterweisung der Patienten";"möglich";"mittel";"Innerhalb des definierten Akzeptanzniveaus";"Das Restrisiko einer Fehlnutzung muss akzeptiert werden, da andernfalls keine Versorgung erfolgen kann.";
"5 Gefährdungen im Zusammenhang mit der Anwendung des Medizinprodukts 5.8 begründet voraussehbarer Missbrauch";"ja";"falsche Anziehtechnik";"Einklemmen von Körperteilen, Weichteilschädigung";"sehr wahrscheinlich";"hoch";"Überschreitet das definierte Akzeptanzniveau";"Systematische Zustandserhebung und Festlegung der Versorgung durch qualifizierte Mitarbeiter; Anprobe durch qualifizierte Mitarbeiter; Unterweisung der Patienten";"möglich";"mittel";"Innerhalb des definierten Akzeptanzniveaus";"Das Restrisiko einer Fehlnutzung muss akzeptiert werden, da andernfalls keine Versorgung erfolgen kann.";
"6 Ungeeignete, unzulängliche oder zu komplizierte Schnittstelle mit dem Anwender 6.1 Fehler und Irrtümer in der Beurteilung";"ja";"falsches Anlegen der Orthese";"unzureichende Paßform, Druckstellen";"sehr wahrscheinlich";"hoch";"Überschreitet das definierte Akzeptanzniveau";"Einweisung durch qualifizierte Mitarbeiter";"möglich";"mittel";"Innerhalb des definierten Akzeptanzniveaus";"Das Restrisiko einer Fehlnutzung muss akzeptiert werden, da andernfalls keine Versorgung erfolgen kann.";"Hinweis in GA: Handhabung / Funktionsweise / Risiken"
"6 Ungeeignete, unzulängliche oder zu komplizierte Schnittstelle mit dem Anwender 6.1 Fehler und Irrtümer in der Beurteilung";"ja";"Zu fest verschlossen";"Durchblutungsstörungen";"sehr wahrscheinlich";"besonders hoch";"Überschreitet das definierte Akzeptanzniveau";"Einweisung durch qualifizierte Mitarbeiter; Anbringen von Markierungen";"unwahrscheinlich";"hoch";"Innerhalb des definierten Akzeptanzniveaus";"Das Restrisiko für spontane Weichteilschädigungen muss akzeptiert werden, da andernfalls keine Versorgung erfolgen kann.";"Hinweis in GA: Handhabung / Funktionsweise / Risiken"
"6 Ungeeignete, unzulängliche oder zu komplizierte Schnittstelle mit dem Anwender 6.2 Lücken und Irrtümer der kognitiven Erinnerung";"ja";"längere Tragezeit als vorgegeben (Korrekturorthesen)";"Druckstellen";"sehr wahrscheinlich";"hoch";"Überschreitet das definierte Akzeptanzniveau";"Therapieplan beachten, Zustandserhebung und Unterweisung der Patienten durch qualifizierte Mitarbeite";"möglich";"mittel";"Innerhalb des definierten Akzeptanzniveaus";"Das Restrisiko einer Fehlnutzung muss akzeptiert werden, da andernfalls keine Versorgung erfolgen kann.";
"6 Ungeeignete, unzulängliche oder zu komplizierte Schnittstelle mit dem Anwender 6.2 Lücken und Irrtümer der kognitiven Erinnerung";"ja";"Patient löst durch mech. Wiederstand Sperre aus";"Funktionsverlust, Nichterreichung eines Therapieziels";"möglich";"besonders hoch";"Überschreitet das definierte Akzeptanzniveau";"Unterweisung der Patienten durch qualifizierte Mitarbeiter, Patient auf Risiken aufmerksam machen, Handhabung erklären, GA aushändigen";"unwahrscheinlich";"hoch";"Innerhalb des definierten Akzeptanzniveaus";"Das Restrisiko einer insuffizienten Versorgung oder Funktionsreduktion muss akzeptiert werden, da andernfalls keine Versorgung erfolgen kann.";
"6 Ungeeignete, unzulängliche oder zu komplizierte Schnittstelle mit dem Anwender 6.5 kompliziertes oder verwirrendes Steuersystem
6 Ungeeignete, unzulängliche oder zu komplizierte Schnittstelle mit dem Anwender 6.1 Fehler und Irrtümer in der Beurteilung";"ja";"Unsachgemäße Anwendung, Unachtsamkeit";"Funktionsverlust, Nichterreichung eines Therapieziels";"möglich";"besonders hoch";"Überschreitet das definierte Akzeptanzniveau";"Unterweisung der Patienten durch qualifizierte Mitarbeiter";"unwahrscheinlich";"hoch";"Innerhalb des definierten Akzeptanzniveaus";"Das Restrisiko einer Fehlnutzung muss akzeptiert werden, da andernfalls keine Versorgung erfolgen kann.";"Hinweis in GA: Einsatz- und Belastungsgrenzen, Handhabung / Funktionsweise"
"7 Gefährdungen infolge von Funktionsfehlern, falscher Wartung und Alterung 7.1 fehlerhafte Datenübertragung";"ja";"Funktionsverlust, Steuerungsfehler";"Funktionsverlust, Nichterreichung eines Therapieziels";"möglich";"besonders hoch";"Überschreitet das definierte Akzeptanzniveau";"Anwendung technischer Informationen; Anprobe durch qualifizierte Mitarbeiter";"unwahrscheinlich";"niedrig";"Innerhalb des definierten Akzeptanzniveaus";"Das Restrisiko einer insuffizienten Versorgung oder Funktionsreduktion muss akzeptiert werden, da andernfalls keine Versorgung erfolgen kann.";
"7 Gefährdungen infolge von Funktionsfehlern, falscher Wartung und Alterung 7.2 fehlende oder unzureichende Spezifikationen für die Wartung einschließlich unzureichender Spezifikation für Funktionsprüfung nach der Wartung";"ja";"Lösen von Verbindungsschrauben, Schrauben nach Justieren nicht ausreichend festgezogen und gesichert";"Funktionsverlust, Nichterreichung eines Therapieziels";"möglich";"besonders hoch";"Überschreitet das definierte Akzeptanzniveau";"Schrauben nach Herstellerangaben mit angegebenen Drehmoment gesichert, alle anderen Verschraubungen mit Schraubensicherung (z.B. Loctite) sichern";"unwahrscheinlich";"hoch";"Innerhalb des definierten Akzeptanzniveaus";"Das Restrisiko einer insuffizienten Versorgung oder Funktionsreduktion muss akzeptiert werden, da andernfalls keine Versorgung erfolgen kann.";
"7 Gefährdungen infolge von Funktionsfehlern, falscher Wartung und Alterung 7.3 unzureichende Wartung";"ja";"Mangelhafte Wartung oder unzureichende Wartungsintervalle; veränderte Passform / Funktion; sichtbarer Verschleiß";"indikationsbedingte Versorgung evtl. nicht gegeben, Verringerung der Benutzbarkeit, unzureichende Funktionalität bis hin zu Bruch der Orthese; Hautschädigung durch Materialermüdung";"sehr wahrscheinlich";"besonders hoch";"Überschreitet das definierte Akzeptanzniveau";"Zustandserhebung und Festlegung der Versorgung durch qualifizierte Mitarbeiter; Herstellerrichtlinien einhalten; Unterweisung der Patienten durch qualifizierte Mitarbeiter; Checklisten für Wartungstätigkeiten";"unwahrscheinlich";"hoch";"Innerhalb des definierten Akzeptanzniveaus";"Das Restrisiko einer insuffizienten Versorgung oder Funktionsreduktion muss akzeptiert werden, da andernfalls keine Versorgung erfolgen kann.";"Hinweis in GA: Bestimmungsgemäßer Gebrauch, Einsatz- und Belastungsgrenzen, Inspektion / Wartung"
"7 Gefährdungen infolge von Funktionsfehlern, falscher Wartung und Alterung 7.6 ungeeignete Verpackung (Verunreinigung und/oder Beeinträchtigung des Medizinprodukts)";"ja";"Mangelhafte Verpackung der Orthese";"Zerstörung der Orthese während der Lagerung / Transport";"möglich";"hoch";"Überschreitet das definierte Akzeptanzniveau";"Ausreichende Verpackung, ausreichende Sicherung während des Transports";"unwahrscheinlich";"hoch";"Innerhalb des definierten Akzeptanzniveaus";"Das Restrisiko im Versandfall muss akzeptiert werden, da im Einzelfall ein Versand unumgänglich ist um die Versorgung im Sinne der Compliance sicherstellen zu können.";
"7 Gefährdungen infolge von Funktionsfehlern, falscher Wartung und Alterung 7.7 Wiederverwendung und/oder unrichtige Wiederverwendung";"ja";"mangelnde Reinigung der Prothese";"Hautschädigung, Reizung, Unverträglichkeit, Sensibilisierung, Infektion";"sehr wahrscheinlich";"hoch";"Überschreitet das definierte Akzeptanzniveau";"Systematische Zustandserhebung und Festlegung der Versorgung durch qualifizierte Mitarbeiter; Unterweisung der Patienten durch qualifizierte Mitarbeiter";"unwahrscheinlich";"hoch";"Innerhalb des definierten Akzeptanzniveaus";"Das Restrisiko einer Fehlnutzung muss akzeptiert werden, da andernfalls keine Versorgung erfolgen kann.";"Hinweis in GA: Stumpfbehandlung, Stumpfhygiene, Reinigung / Desinfektion"
"7 Gefährdungen infolge von Funktionsfehlern, falscher Wartung und Alterung 7.8 Funktionsverschlechterung (z. B. zunehmender Verschluss von Flüssigkeits-oder Gasleitungen, oder Veränderungen des Strömungswiderstandes oder der elektrischen Leitfähigkeit) als Ergebnis widerholten Gebrauchs";"ja";"Brechen, Verbiegen, Delaminieren durch Überbeanspruchung (z.B. Hypertonus)";"Haut- oder Weichteilschädigungen";"wahrscheinlich";"hoch";"Überschreitet das definierte Akzeptanzniveau";"Systematische Zustandserhebung und Festlegung der Versorgung durch qualifizierte Mitarbeiter";"möglich";"mittel";"Innerhalb des definierten Akzeptanzniveaus";"Das Restrisiko für spontane Weichteilschädigungen muss akzeptiert werden, da andernfalls keine Versorgung erfolgen kann.";
"7 Gefährdungen infolge von Funktionsfehlern, falscher Wartung und Alterung 7.8 Funktionsverschlechterung (z. B. zunehmender Verschluss von Flüssigkeits-oder Gasleitungen, oder Veränderungen des Strömungswiderstandes oder der elektrischen Leitfähigkeit) als Ergebnis widerholten Gebrauchs";"ja";"Funktionsverlust durch Verschleißerscheinungen (z.B. Verschlüsse)";"Gefährdung des Therapieziel";"sehr wahrscheinlich";"besonders hoch";"Überschreitet das definierte Akzeptanzniveau";"Unterweisung der Patienten durch qualifizierte Mitarbeiter";"möglich";"mittel";"Innerhalb des definierten Akzeptanzniveaus";"Das Restrisiko einer insuffizienten Versorgung oder Funktionsreduktion muss akzeptiert werden, da andernfalls keine Versorgung erfolgen kann.";"Hinweis in GA: Inspektion / Wartung"
"7 Gefährdungen infolge von Funktionsfehlern, falscher Wartung und Alterung 7.8 Funktionsverschlechterung (z. B. zunehmender Verschluss von Flüssigkeits-oder Gasleitungen, oder Veränderungen des Strömungswiderstandes oder der elektrischen Leitfähigkeit) als Ergebnis widerholten Gebrauchs";"ja";"Mangelhafte Gelenkeinstellung / Extensions- und/oder Flexionsanschläge";"Gefährdung des Therapieziels";"möglich";"besonders hoch";"Überschreitet das definierte Akzeptanzniveau";"Therapieplan beachten, Zustandserhebung durch qualifizierte Mitarbeiter";"möglich";"mittel";"Innerhalb des definierten Akzeptanzniveaus";"Das Restrisiko einer insuffizienten Versorgung oder Funktionsreduktion muss akzeptiert werden, da andernfalls keine Versorgung erfolgen kann.";
"8 Gefährdungen infolge von Herstellungsfehlern 8.3 Fehlerhafte herstellungsbegleitende Prüfungen";"ja";"Achsinkongruenzen";"Haut- oder Weichteilschädigungen, Druckstellen, Gelenkschäden";"möglich";"hoch";"Überschreitet das definierte Akzeptanzniveau";"Systematische Abformtechnik; Anprobe durch qualifizierte Mitarbeiter";"unwahrscheinlich";"hoch";"Innerhalb des definierten Akzeptanzniveaus";"Das Restrisiko für spontane Weichteilschädigungen muss akzeptiert werden, da andernfalls keine Versorgung erfolgen kann.";
"8 Gefährdungen infolge von Herstellungsfehlern 8.3 Fehlerhafte herstellungsbegleitende Prüfungen";"ja";"Beugeausschnitte zu klein oder unzureichend / zu groß";"Haut- oder Weichteilschädigungen, Druckstellen";"möglich";"hoch";"Überschreitet das definierte Akzeptanzniveau";"system. Maß-, Abform- und Modelltechnik; Anprobe durch qualifizierte Mitarbeiter";"unwahrscheinlich";"hoch";"Innerhalb des definierten Akzeptanzniveaus";"Das Restrisiko für spontane Weichteilschädigungen muss akzeptiert werden, da andernfalls keine Versorgung erfolgen kann.";
"8 Gefährdungen infolge von Herstellungsfehlern 8.3 Fehlerhafte herstellungsbegleitende Prüfungen";"ja";"fehlerhafte biomechanische Konstruktion";"Haut- oder Weichteilschädigungen, Druckstellen, Gelenkschäden";"möglich";"hoch";"Überschreitet das definierte Akzeptanzniveau";"Systematische Abformtechnik; Anprobe durch qualifizierte Mitarbeiter";"unwahrscheinlich";"hoch";"Innerhalb des definierten Akzeptanzniveaus";"Das Restrisiko für spontane Weichteilschädigungen muss akzeptiert werden, da andernfalls keine Versorgung erfolgen kann.";
"8 Gefährdungen infolge von Herstellungsfehlern 8.3 Fehlerhafte herstellungsbegleitende Prüfungen";"ja";"Unsachgemäße Anpassung, Über-/ Unterkorrektur von Deformitäten";"Bleibende Skelettdeformitäten";"wahrscheinlich";"besonders hoch";"Überschreitet das definierte Akzeptanzniveau";"Systematische Zustandserhebung und Festlegung der Versorgung durch qualifizierte Mitarbeiter, systematische Maß-, Abform- und Modelltechnik, Anprobe durch qualifizierte Mitarbeiter";"unwahrscheinlich";"hoch";"Innerhalb des definierten Akzeptanzniveaus";"Das Restrisiko für spontane Weichteilschädigungen muss akzeptiert werden, da andernfalls keine Versorgung erfolgen kann.";
"8 Gefährdungen infolge von Herstellungsfehlern 8.3 Fehlerhafte herstellungsbegleitende Prüfungen";"ja";"Verschluss fehlt oder falsch positioniert, zu wenige oder zu schwierig in der Handhabung";"Haut- oder Weichteilschädigungen, Druckstellen";"möglich";"besonders hoch";"Überschreitet das definierte Akzeptanzniveau";"Systematische Zustandserhebung und Festlegung der Versorgung durch qualifizierte Mitarbeiter";"unwahrscheinlich";"hoch";"Innerhalb des definierten Akzeptanzniveaus";"Das Restrisiko für spontane Weichteilschädigungen muss akzeptiert werden, da andernfalls keine Versorgung erfolgen kann.";
"8 Gefährdungen infolge von Herstellungsfehlern 8.5 Fehlerhafte Endprüfung";"ja";"Unterversorgung des Lähmungsniveaus/ Mobilitätsniveaus";"Funktionsverlust, Nichterreichung eines Therapieziels";"möglich";"besonders hoch";"Überschreitet das definierte Akzeptanzniveau";"Systematische Zustandserhebung und Festlegung der Versorgung durch qualifizierte Mitarbeiter";"unwahrscheinlich";"hoch";"Innerhalb des definierten Akzeptanzniveaus";"Das Restrisiko einer insuffizienten Versorgung oder Funktionsreduktion muss akzeptiert werden, da andernfalls keine Versorgung erfolgen kann.";
"8 Gefährdungen infolge von Herstellungsfehlern 8.6 Fehlerhafte Produktfreigabe";"ja";;"Funktionsverlust, Schädigung des Patienten";"möglich";"hoch";"Überschreitet das definierte Akzeptanzniveau";"Abnahme durch qualifizierte Mitarbeiter";"unwahrscheinlich";"hoch";"Innerhalb des definierten Akzeptanzniveaus";"Das Restrisiko einer insuffizienten Versorgung oder Funktionsreduktion muss akzeptiert werden, da andernfalls keine Versorgung erfolgen kann.";
"8 Gefährdungen infolge von Herstellungsfehlern 8.6 Fehlerhafte Produktfreigabe";"ja";"Mangel bei Endkontrolle übersehen";"Druckstellen/ mangelnde Korrektur/Passform";"möglich";"besonders hoch";"Überschreitet das definierte Akzeptanzniveau";"Qualitätskontrolle durch qualifizierte Mitarbeiter, Mitarbeitereinweisung";"unwahrscheinlich";"hoch";"Innerhalb des definierten Akzeptanzniveaus";"Das Restrisiko einer insuffizienten Versorgung oder Funktionsreduktion muss akzeptiert werden, da andernfalls keine Versorgung erfolgen kann.";
"8 Gefährdungen infolge von Herstellungsfehlern 8.6 Fehlerhafte Produktfreigabe";"ja";"Mangelhafte Prüfung der Produktkonformität";"Funktionsverlust, Schädigung des Patienten";"möglich";"hoch";"Überschreitet das definierte Akzeptanzniveau";"Abnahme durch qualifizierte Mitarbeiter";"unwahrscheinlich";"hoch";"Innerhalb des definierten Akzeptanzniveaus";"Das Restrisiko einer insuffizienten Versorgung oder Funktionsreduktion muss akzeptiert werden, da andernfalls keine Versorgung erfolgen kann.";
"8 Gefährdungen infolge von Herstellungsfehlern 8.6 Fehlerhafte Produktfreigabe";"ja";"unzureichende Einweisung des Anwenders";"Verlust des medizinischen / therapeutischen Nutzens; Verschlechterung des Zustands der Patienten";"wahrscheinlich";"besonders hoch";"Überschreitet das definierte Akzeptanzniveau";"Abgabe durch qualifizierte Mitarbeiter";"möglich";"niedrig";"Innerhalb des definierten Akzeptanzniveaus";"Das Restrisiko einer insuffizienten Versorgung oder Funktionsreduktion muss akzeptiert werden, da andernfalls keine Versorgung erfolgen kann.";
