"Prothetik untere Extremität";"Risiko";"Gültigkeit am 2025-10-18 19:04:59";;;;;;;;;;
;;;;;;;;;;;;
"Risikobezug";"Relevant";"Ursache";"Wirkung";"Wahrscheinlichkeit";"Schaden";"Akzeptanzlevel";"Maßnahme";"Wahrscheinlichkeit nach Maßnahme";"Schaden nach Maßnahme";"Akzeptanzlevel danach";"Risiko-Nutzen-Abwägung";"Verbleibende Maßnahmen sofern zutreffend"
"1 Gefährdungen durch Energien 1.2 Hitze";"ja";"Übermäßige Erhitzung von Akkumulatoren, Hydrauliken, E-Motoren bei extremer Nutzung der Orthese";"Verbrennungsgefahr bei Berührung";"möglich";"hoch";"Überschreitet das definierte Akzeptanzniveau";"Systematische Zustandserhebung und Festlegung der Versorgung durch qualifizierte Mitarbeiter, Beachtung der Herstellerrichtlinien, Unterweisung der Patienten";"unwahrscheinlich";"mittel";"Innerhalb des definierten Akzeptanzniveaus";"Das Restrisiko einer Fehlnutzung muss akzeptiert werden, da andernfalls keine Versorgung erfolgen kann.";"Hinweis in GA: bestimmungsgemäßer Gebrauch, Einsatz und Belastungsgrenzen, Inspektion / Festlegung von Wartungsintervallen"
"1 Gefährdungen durch Energien 1.3 mechanische Kräfte";"ja";"Bei Gelenken mit mechanischen Vorbringern kann das Kniegelenk ohne axiale Belastung leicht einbeugen ggf. Klemmschutz anbringen z.B. Kosmetik; bei Prothesen ohne Kosmetik oder mit Protektor kann das Kniegelenk ohne axiale Belastung einbeuge";"Einklemmen der Finger durch Einbeugen des Prothesenkniegelenks beim Hantieren mit der nicht am Stumpf angelegten Prothese";"wahrscheinlich";"besonders hoch";"Überschreitet das definierte Akzeptanzniveau";"Unterweisung der Patienten durch qualifizierte Mitarbeiter, Prothesengebrauchsschulung";"möglich";"mittel";"Innerhalb des definierten Akzeptanzniveaus";"Das Restrisiko einer Fehlnutzung muss akzeptiert werden, da andernfalls keine Versorgung erfolgen kann.";"Hinweis in GA: Handhabung / Funktionsweise / Risiken"
"1 Gefährdungen durch Energien 1.3 mechanische Kräfte";"ja";"Nutzung von Sportgeräten (Hometrainer, Ski, Fahrrad)";"Vorzeitiger Verschleiß, Zerstörung durch Überbelastung";"wahrscheinlich";"besonders hoch";"Überschreitet das definierte Akzeptanzniveau";"Unterweisung der Patienten durch qualifizierte Mitarbeiter";"möglich";"mittel";"Innerhalb des definierten Akzeptanzniveaus";"Das Restrisiko einer Fehlnutzung muss akzeptiert werden, da andernfalls keine Versorgung erfolgen kann.";"Hinweis in GA: Ausschluss"
"1 Gefährdungen durch Energien 1.3 mechanische Kräfte";"ja";"Orthoprothese; Mischung v. Komponenten untersch. Hersteller";"Defekt/ Bruch durch Inkompatibiliät";"wahrscheinlich";"besonders hoch";"Überschreitet das definierte Akzeptanzniveau";"Herstellerrichtlinien beachten";"möglich";"mittel";"Innerhalb des definierten Akzeptanzniveaus";"Das Restrisiko einer generellen Sturzgefahr muss akzeptiert werden, da andernfalls keine Versorgung erfolgen kann.";
"1 Gefährdungen durch Energien 1.3 mechanische Kräfte";"ja";"Überlastung des Materials, Alterung";"Sturzgefahr und Verletzungsgefahr durch Risse im proximalen Schaftbereich";"wahrscheinlich";"besonders hoch";"Überschreitet das definierte Akzeptanzniveau";"Systematische Zustandserhebung und Festlegung der Versorgung durch qualifizierte Mitarbeiter";"möglich";"mittel";"Innerhalb des definierten Akzeptanzniveaus";"Das Restrisiko einer generellen Sturzgefahr muss akzeptiert werden, da andernfalls keine Versorgung erfolgen kann.";"Hinweis in GA: Inspektion / Wartung , Wartungsintervalle"
"1 Gefährdungen durch Energien 1.6 bewegte Teile";"ja";"ungeschützte oder offene Gelenkkonstruktion";"Einklemmen von Körperteilen";"möglich";"hoch";"Überschreitet das definierte Akzeptanzniveau";"Unterweisung der Patienten durch qualifizierte Mitarbeiter";"möglich";"mittel";"Innerhalb des definierten Akzeptanzniveaus";"Das Restrisiko für spontane Weichteilschädigungen muss akzeptiert werden, da andernfalls keine Versorgung erfolgen kann.";"Hinweis in GA"
"1 Gefährdungen durch Energien 1.7 unbeabsichtigte Bewegungen";"ja";"Bei Knien oder Füßen mit Aktorik: unbeabsichtigtes Auslösen von Steuerimpulsen";"Sturzgefahr durch unbeabsichtigtes Einbeugen des Prothesenkniegelenks oder Stolpern durch falsche Stellung des Knöchelgelenks";"möglich";"besonders hoch";"Überschreitet das definierte Akzeptanzniveau";"Funktionsprüfung vor Abgabe, Prothesengebrauchsschulung, Unterweisung der Patienten";"unwahrscheinlich";"mittel";"Innerhalb des definierten Akzeptanzniveaus";"Das Restrisiko einer generellen Sturzgefahr muss akzeptiert werden, da andernfalls keine Versorgung erfolgen kann.";"Hinweis in GA: Inspektion / Wartung"
"1 Gefährdungen durch Energien 1.7 unbeabsichtigte Bewegungen";"ja";"Bodenreaktionskraft gesteuerte MPG Kniesysteme können bei Belastung des Vorfußes im Stehen einknicken";"Sturzgefahr, weil Hydraulik deaktiviert wird";"sehr wahrscheinlich";"besonders hoch";"Überschreitet das definierte Akzeptanzniveau";"Funktionsprüfung vor Abgabe";"möglich";"mittel";"Innerhalb des definierten Akzeptanzniveaus";"Das Restrisiko einer generellen Sturzgefahr muss akzeptiert werden, da andernfalls keine Versorgung erfolgen kann.";
"1 Gefährdungen durch Energien 1.7 unbeabsichtigte Bewegungen";"ja";"Bremswirkung zu gering bzw. Ansprechschwelle zu hoch eingestellt oder statischer Aufbau nicht korrekt, falsche Anziehtechnik";"Sturzgefahr durch Unbeabsichtigtes Einbeugen des Prothesenkniegelenks beim Anziehen der Prothese";"möglich";"besonders hoch";"Überschreitet das definierte Akzeptanzniveau";"Systematische Zustandserhebung und Anprobe durch qualifizierte Mitarbeiter";"möglich";"mittel";"Innerhalb des definierten Akzeptanzniveaus";"Das Restrisiko einer generellen Sturzgefahr muss akzeptiert werden, da andernfalls keine Versorgung erfolgen kann.";
"1 Gefährdungen durch Energien 1.7 unbeabsichtigte Bewegungen";"ja";"In der Schwungphase bewegt die Prothese sich nach distal, ohne dass der Schaft vom Stumpf gleitet. Schaft ist zu eng, Stumpf nicht tief genug in den Schaft eingezogen, dadurch kommt es zu aufgestauten Weichteilen; suprakondylärer Eingriff falsch positioniert, falsches Prothesenkonzept";"Stolpergefahr, weil Prothese ""pumpt"" (in der Schwungphase bewegt die Prothese sich nach distal, ohne dass der Schaft vom Stumpf gleitet)";"möglich";"besonders hoch";"Überschreitet das definierte Akzeptanzniveau";"Systematische Maß- und Abformtechnik, Anprobe durch qualifizierte Mitarbeiter";"möglich";"mittel";"Innerhalb des definierten Akzeptanzniveaus";"Das Restrisiko einer generellen Sturzgefahr muss akzeptiert werden, da andernfalls keine Versorgung erfolgen kann.";"Hinweis in GA: Verhalten bei Stumpfschwankungen / gleichbleibendes Körpergewicht"
"1 Gefährdungen durch Energien 1.7 unbeabsichtigte Bewegungen";"ja";"mechanische Kniegelenke: Sperrfeder zu straff, Entriegelungshebel zu klein";"Sturzgefahr, weil Sperre nicht ausrastet";"möglich";"besonders hoch";"Überschreitet das definierte Akzeptanzniveau";"Funktionsprüfung vor Abgabe";"möglich";"mittel";"Innerhalb des definierten Akzeptanzniveaus";"Das Restrisiko einer generellen Sturzgefahr muss akzeptiert werden, da andernfalls keine Versorgung erfolgen kann.";
"1 Gefährdungen durch Energien 1.7 unbeabsichtigte Bewegungen";"ja";"Sperrzug zu lang, zu locker oder kein geradliniger Verlauf";"Sturzgefahr, weil Sperre nicht ausrastet";"möglich";"besonders hoch";"Überschreitet das definierte Akzeptanzniveau";"Funktionsprüfung vor Abgabe, bei Wartung überprüfen";"möglich";"mittel";"Innerhalb des definierten Akzeptanzniveaus";"Das Restrisiko einer generellen Sturzgefahr muss akzeptiert werden, da andernfalls keine Versorgung erfolgen kann.";"Hinweis in GA: Inspektion / Wartung"
"1 Gefährdungen durch Energien 1.7 unbeabsichtigte Bewegungen
5 Gefährdungen im Zusammenhang mit der Anwendung des Medizinprodukts 5.13 unzureichende Maßnahmen gegen Abrutschen";"ja";"undichte Vakuumkniekappe, undichtes Vakuumventil";"stärkerer Axialhub, Hängenbleiben in der Schwungphase";"möglich";"besonders hoch";"Überschreitet das definierte Akzeptanzniveau";"Funktionsprüfung vor Abgabe";"möglich";"mittel";"Innerhalb des definierten Akzeptanzniveaus";"Das Restrisiko einer generellen Sturzgefahr muss akzeptiert werden, da andernfalls keine Versorgung erfolgen kann.";"Hinweis in GA: Inspektion / Wartung"
"2 Biologische Gefährdungen 2.10 erneute und/oder Kreuzinfektion
8 Gefährdungen infolge von Herstellungsfehlern 8.4 Fehlerhafte Fertigung";"ja";"Mangelnde Sorgfalt im OT-Betrieb";"Infektionen, Hautschädigung, Reizung, Unverträglichkeit, Sensibilisierung";"möglich";"besonders hoch";"Überschreitet das definierte Akzeptanzniveau";"Maßnahmen laut QM-Handbuch: Sauberkeit und Hygiene, Mitarbeiterschulung intern";"möglich";"mittel";"Innerhalb des definierten Akzeptanzniveaus";"Das Restrisiko für spontane Weichteilschädigungen muss akzeptiert werden, da andernfalls keine Versorgung erfolgen kann.";
"2 Biologische Gefährdungen 2.11 Pyrogenität
3 Gefährdungen durch die Umwelt 3.6 Lagerung oder Betrieb außerhalb der vorgeschriebenen Umweltbedingungen
3 Gefährdungen durch die Umwelt 3.11 Entflammbarkeit";"ja";"Lagerung an Hitzequellen; Mangelnde Sicherheit bei Umgang mit offenem Feuer oder Hitzequelle, Lagerung oder Betrieb außerhalb der Spezifikation";"Verlust der Passform und des Hilfsmittels, Funktionsstörung; Verbrennungen und Vergiftungen durch Verbrennungsprodukte";"möglich";"besonders hoch";"Überschreitet das definierte Akzeptanzniveau";"Systematische Zustandserhebung und Festlegung der Versorgung durch qualifizierte Mitarbeiter";"unwahrscheinlich";"niedrig";"Innerhalb des definierten Akzeptanzniveaus";"Das Restrisiko einer Fehlnutzung muss akzeptiert werden, da andernfalls keine Versorgung erfolgen kann.";"Hinweis in GA: Einsatz- und Belastungsgrenzen"
"2 Biologische Gefährdungen 2.12 Unfähigkeit, die hygienische Sicherheit aufrechtzuerhalten";"ja";"Schweißablagerung, mangelnde Reinigung der Prothese";"Geruchsbildung";"sehr wahrscheinlich";"mittel";"Überschreitet das definierte Akzeptanzniveau";"Unterweisung der Patienten durch qualifizierte Mitarbeiter";"möglich";"mittel";"Innerhalb des definierten Akzeptanzniveaus";"Das Restrisiko für spontane Weichteilschädigungen muss akzeptiert werden, da andernfalls keine Versorgung erfolgen kann.";"Hinweis in GA: Stumpfbehandlung, Stumpfhygiene, Reinigung / Desinfektion"
"2 Biologische Gefährdungen 2.12 Unfähigkeit, die hygienische Sicherheit aufrechtzuerhalten
2 Biologische Gefährdungen 2.5 Allergenität";"ja";"Mangelnde Stumpfpflege, mangelnde Reinigung der Prothese";"Hautschädigung, Reizung, Unverträglichkeit, Sensibilisierung, Infektionen";"sehr wahrscheinlich";"besonders hoch";"Überschreitet das definierte Akzeptanzniveau";"Unterweisung der Patienten durch qualifizierte Mitarbeiter";"möglich";"mittel";"Innerhalb des definierten Akzeptanzniveaus";"Das Restrisiko für spontane Weichteilschädigungen muss akzeptiert werden, da andernfalls keine Versorgung erfolgen kann.";"Hinweis in GA: Stumpfbehandlung, Stumpfhygiene, Reinigung / Desinfektion"
"2 Biologische Gefährdungen 2.13 Abbau des Werkstoffs
3 Gefährdungen durch die Umwelt 3.10 unzureichende Beständigkeit gegen Schweiß";"ja";"Materialverschleiß, Materialzersetzung";"Hautschädigung durch Materialermüdung, Bruch der Prothese, Sturzgefahr durch unzureichende elektronische oder mechanische Funktionalität";"sehr wahrscheinlich";"besonders hoch";"Überschreitet das definierte Akzeptanzniveau";"Systematische Zustandserhebung und Festlegung der Versorgung durch qualifizierte Mitarbeiter; Herstellerrichtlinien einhalten";"unwahrscheinlich";"hoch";"Innerhalb des definierten Akzeptanzniveaus";"Das Restrisiko für spontane Weichteilschädigungen und generelle Sturzgefahr muss akzeptiert werden, da andernfalls keine Versorgung erfolgen kann.";"Hinweis in GA: Bestimmungsgemäßer Gebrauch, Einsatz- und Belastungsgrenzen, Inspektion / Wartung"
"2 Biologische Gefährdungen 2.2 biologische Unverträglichkeit";"ja";"Infektion und mikrobiologische Verseuchung durch Kontakt von Leder mit verletzter Haut";"Infektionen";"möglich";"besonders hoch";"Überschreitet das definierte Akzeptanzniveau";"Systematische Zustandserhebung und Festlegung der Versorgung durch qualifizierte Mitarbeiter; Verwendung von geeigneten Materialien gemäß Risikomanagement";"möglich";"mittel";"Innerhalb des definierten Akzeptanzniveaus";"Das Restrisiko für spontane Weichteilschädigungen muss akzeptiert werden, da andernfalls keine Versorgung erfolgen kann.";"Hinweis in GA: Maßnahmen bei verletzter Haut"
"2 Biologische Gefährdungen 2.2 biologische Unverträglichkeit";"ja";"Unzureichende Gewöhnung an Luftabschluss auf der Hautoberfläche";"Vermehrte Schweißbildung, Hautschädigung, Reizung, Unverträglichkeit, Sensibilisierung";"möglich";"hoch";"Überschreitet das definierte Akzeptanzniveau";"Unterweisung der Patienten durch qualifizierte Mitarbeiter";"möglich";"mittel";"Innerhalb des definierten Akzeptanzniveaus";"Das Restrisiko für spontane Weichteilschädigungen muss akzeptiert werden, da andernfalls keine Versorgung erfolgen kann.";"Hinweis in GA: Stumpfbehandlung, Stumpfhygiene, Handhabung / Funktion, Reinigung / Desinfektion"
"2 Biologische Gefährdungen 2.2 biologische Unverträglichkeit
2 Biologische Gefährdungen 2.4 Toxizität
2 Biologische Gefährdungen 2.5 Allergenität
2 Biologische Gefährdungen 2.6 Mutagenität
2 Biologische Gefährdungen 2.7 Onkogenität
2 Biologische Gefährdungen 2.8 Teratogenität
2 Biologische Gefährdungen 2.9 Karzinogenität";"ja";"Ggf. ungeeignete Materialauswahl";"Vermehrte Schweißbildung, Hautschädigung, Reizung, Unverträglichkeit, Sensibilisierung, biologische Veränderungen";"möglich";"hoch";"Überschreitet das definierte Akzeptanzniveau";"Systematische Zustandserhebung und Festlegung der Versorgung durch qualifizierte Mitarbeiter; Verwendung von geeigneten Materialien gemäß Risikomanagement";"unwahrscheinlich";"hoch";"Innerhalb des definierten Akzeptanzniveaus";"Das Restrisiko für spontane Weichteilschädigungen muss akzeptiert werden, da andernfalls keine Versorgung erfolgen kann.";
"2 Biologische Gefährdungen 2.3 unrichtige Rezeptur (chemische Zusammensetzung)";"ja";"Fehler bei Mischverhältnissen z.B. von Kunstharzen";"biologische Veränderungen";"möglich";"besonders hoch";"Überschreitet das definierte Akzeptanzniveau";"Anwendung technischer Informationen; Festlegung des Herstellungsprozesses durch qualifizierte Mitarbeiter; Verwendung von geeigneten Materialien gemäß Risikomanagement";"unwahrscheinlich";"hoch";"Innerhalb des definierten Akzeptanzniveaus";"Das Restrisiko für spontane Weichteilschädigungen muss akzeptiert werden, da andernfalls keine Versorgung erfolgen kann.";
"3 Gefährdungen durch die Umwelt 3.2 Empfindlichkeit gegen elektromagnetische Störfelder";"ja";"Unbeabsichtigte Bewegung";"Einklemmen von Körperteilen, Sturzgefahr";"möglich";"besonders hoch";"Überschreitet das definierte Akzeptanzniveau";"Systematische Zustandserhebung und Festlegung der Versorgung durch qualifizierte Mitarbeiter; Anprobe durch qualifizierte Mitarbeiter, Nutzung von geschirmten Komponenten, Abschirmung von steuerungsrelevanten Kabelverbindungen, Unterweisung, Gehschule";"unwahrscheinlich";"hoch";"Innerhalb des definierten Akzeptanzniveaus";"Das Restrisiko einer Fehlnutzung muss akzeptiert werden, da andernfalls keine Versorgung erfolgen kann.";
"3 Gefährdungen durch die Umwelt 3.4 unzureichende Energieversorgung
6 Ungeeignete, unzulängliche oder zu komplizierte Schnittstelle mit dem Anwender 6.6 zweifelhafter oder unklarer Zustand des Gerätes";"ja";"Funktionsverlust der Akkumulatoren, Entladung, Materialverschleiß, Materialzersetzung";"Einklemmen von Körperteilen, Sturzgefahr durch unzureichende elektronische oder mechanische Funktionalität, Bruch";"wahrscheinlich";"besonders hoch";"Überschreitet das definierte Akzeptanzniveau";"Unterweisung der Patienten durch qualifizierte Mitarbeiter";"unwahrscheinlich";"hoch";"Innerhalb des definierten Akzeptanzniveaus";"Das Restrisiko einer generellen Sturzgefahr muss akzeptiert werden, da andernfalls keine Versorgung erfolgen kann.";"Hinweis in GA: Einsatz- und Belastungsgrenzen, Handhabung / Funktionsweise, Inspektion / Wartung"
"3 Gefährdungen durch die Umwelt 3.7 Unverträglichkeit mit anderen Geräten, zur Verwendung mit denen das Gerät vorgesehen ist";"ja";"Absatzhöhe des Schuhes nicht korrekt, falsches Schuhwerk";"Überlastung der kontralateralen Seite";"sehr wahrscheinlich";"besonders hoch";"Überschreitet das definierte Akzeptanzniveau";"Anprobe durch qualifizierte Mitarbeiter, Unterweisung der Patienten";"möglich";"mittel";"Innerhalb des definierten Akzeptanzniveaus";"Das Restrisiko einer generellen Sturzgefahr muss akzeptiert werden, da andernfalls keine Versorgung erfolgen kann.";"Hinweis in GA: Schuhe und Absatzhöhe"
"3 Gefährdungen durch die Umwelt 3.7 Unverträglichkeit mit anderen Geräten, zur Verwendung mit denen das Gerät vorgesehen ist
5 Gefährdungen im Zusammenhang mit der Anwendung des Medizinprodukts 5.12 fehlerhafte mechanische Verbindung";"ja";"Absatzhöhe des Schuhes nicht korrekt, falsches Schuhwerk";"Sturzgefahr durch Tendenz nach vorne / hinten zu fallen";"unwahrscheinlich";"niedrig";"Innerhalb des definierten Akzeptanzniveaus";"Anprobe durch qualifizierte Mitarbeiter, Unterweisung der Patienten";"möglich";"mittel";"Innerhalb des definierten Akzeptanzniveaus";"Das Restrisiko einer generellen Sturzgefahr muss akzeptiert werden, da andernfalls keine Versorgung erfolgen kann.";"Hinweis in GA: Schuhe und Absatzhöhe"
"3 Gefährdungen durch die Umwelt 3.9 unzureichende Beständigkeit gegen Reinigungs- und Desinfektionsmittel";"ja";"Kontakt mit ungeeigneten Reinigungsmitteln";"Hautschädigung durch Materialermüdung, Defekt";"möglich";"hoch";"Überschreitet das definierte Akzeptanzniveau";"Systematische Zustandserhebung und Festlegung der Versorgung durch qualifizierte Mitarbeiter; Unterweisung der Patienten durch qualifizierte Mitarbeiter";"unwahrscheinlich";"hoch";"Innerhalb des definierten Akzeptanzniveaus";"Das Restrisiko einer Fehlnutzung muss akzeptiert werden, da andernfalls keine Versorgung erfolgen kann.";"Hinweis in GA: Reinigungshinweise"
"5 Gefährdungen im Zusammenhang mit der Anwendung des Medizinprodukts 5.1 mangelhafte Kennzeichnung";"ja";"unzureichende Befestigung der Sonderanfertigungskennzeichnung";"keine Rückverfolgbarkeit";"möglich";"besonders hoch";"Überschreitet das definierte Akzeptanzniveau";"ausreichende Kennzeichnung durch qualifizierte Mitarbeiter";"möglich";"niedrig";"Innerhalb des definierten Akzeptanzniveaus";"Das Restrisiko einer Fehlnutzung muss akzeptiert werden, da andernfalls keine Versorgung erfolgen kann.";
"5 Gefährdungen im Zusammenhang mit der Anwendung des Medizinprodukts 5.10 lose Verbindung";"ja";"Arretierungsstift zu kurz; Verschlusssystem defekt";"Sturzgefahr durch Distales Verschlusssystem greift nicht";"möglich";"besonders hoch";"Überschreitet das definierte Akzeptanzniveau";"Prothesengebrauchsschulung, Unterweisung der Patienten und Helfern. Kontrolle durch qualifizierte Mitarbeiter.";"möglich";"mittel";"Innerhalb des definierten Akzeptanzniveaus";"Ist das Versorgungskonzept auf Basis der Erhebung festgelegt, stellen andere Anbindungskonzepte eine Verschlechterung der Versorgungssituation dar und gefährden damit den Versorgungserfolg.";"Hinweis in GA: Handhabung / Funktion"
"5 Gefährdungen im Zusammenhang mit der Anwendung des Medizinprodukts 5.11 mechanische Beschädigung";"ja";"Prothesenfixierung durch passives oder aktives Unterdrucksystem; Kniekappe defekt; Dichtlippe defekt; Ventil defekt";"Sturzgefahr durch Verlust des Unterdrucks zur Fixierung";"möglich";"besonders hoch";"Überschreitet das definierte Akzeptanzniveau";"Prothesengebrauchsschulung, Unterweisung der Patienten und Helfern. Kontrolle durch qualifizierte Mitarbeiter.";"möglich";"mittel";"Innerhalb des definierten Akzeptanzniveaus";"Ist das Versorgungskonzept auf Basis der Erhebung festgelegt, stellen andere Anbindungskonzepte eine Verschlechterung der Versorgungssituation dar und gefährden damit den Versorgungserfolg.";"Hinweis in GA: Handhabung / Funktion"
"5 Gefährdungen im Zusammenhang mit der Anwendung des Medizinprodukts 5.17 Unverträglichkeit mit Verbrauchsmaterialien / Zubehörteilen anderer Medizinprodukte";"ja";"Anpassung von Fußkosmetiken z.B. bei Chopart-Versorgungen oder Orthoprothesen";"Lösen der Kosmetik durch Spannungsverlust, Sturz des Patienten durch Hängenbleiben";"möglich";"hoch";"Überschreitet das definierte Akzeptanzniveau";"Funktionsprüfung vor Abgabe, bei Wartung überprüfen";"unwahrscheinlich";"hoch";"Innerhalb des definierten Akzeptanzniveaus";"Das Restrisiko einer generellen Sturzgefahr muss akzeptiert werden, da andernfalls keine Versorgung erfolgen kann. Für Versorgungen mit einer Carbonplatte sind in der Regel keine Kosmetiken verfügbar. Dadurch besteht die Gefahr, dass die Prothese im Schuh rutscht oder sich dieser ablöst. Die Verwendung einer anatomisch angeformten Kosmetik erhöht die generelle Patientensicherheit. Durch die Änderung konfektionierter Kosmetiküberzüge büßen diese an Stabilität ein, wodurch Rastmechanismen ihre Wirkung verlieren können. Typischerweise werden die geänderten Kosmetiken verklebt, wodurch die Haftung erhöht wird. Effektiv ist eine Adaption konfektionierter Kosmetiken daher eine Sicherheitserhöhung.";
"5 Gefährdungen im Zusammenhang mit der Anwendung des Medizinprodukts 5.2 unzureichende Gebrauchsanweisungen";"ja";"unzulässiges Autofahren mit Prothese";"Gefährdun";"wahrscheinlich";"besonders hoch";"Überschreitet das definierte Akzeptanzniveau";"Aufklärung des Patienten, Abklärung durch TÜV o.ä.";"möglich";"mittel";"Innerhalb des definierten Akzeptanzniveaus";"Das Restrisiko einer Fehlnutzung muss akzeptiert werden, da andernfalls keine Versorgung erfolgen kann.";"Hinweis in GA: Handhabung / Funktionsweise / Risiken"
"5 Gefährdungen im Zusammenhang mit der Anwendung des Medizinprodukts 5.3 unzureichender Spezifikationen von Zubehör, das mit dem Medizinprodukt anzuwenden ist";"ja";"Orthoprothese: zu hohe Spannung der Socke / Schaftende auf Zehenspitzen";"Zehnageleinwuchs";"möglich";"hoch";"Überschreitet das definierte Akzeptanzniveau";"Prüfung vor Anprobe, Unterweisung der Patienten";"möglich";"mittel";"Innerhalb des definierten Akzeptanzniveaus";"Das Restrisiko einer Fehlnutzung muss akzeptiert werden, da andernfalls keine Versorgung erfolgen kann.";"Hinweis in GA: Inspektion / Wartung"
"5 Gefährdungen im Zusammenhang mit der Anwendung des Medizinprodukts 5.3 unzureichender Spezifikationen von Zubehör, das mit dem Medizinprodukt anzuwenden ist
5 Gefährdungen im Zusammenhang mit der Anwendung des Medizinprodukts 5.17 Unverträglichkeit mit Verbrauchsmaterialien / Zubehörteilen anderer Medizinprodukte";"ja";"z.B. Verwendung eines falschen Ladegeräts";"Funktionsverlust, Kurzschluss, Elektronikfehler";"wahrscheinlich";"besonders hoch";"Überschreitet das definierte Akzeptanzniveau";"Systematische Zustandserhebung und Festlegung der Versorgung; Herstellerrichtlinien einhalten; Verwendung von freigegebenen Komponentenkombinationen; Unterweisung der Patienten durch qualifizierte Mitarbeiter";"unwahrscheinlich";"hoch";"Innerhalb des definierten Akzeptanzniveaus";"Das Restrisiko einer Fehlnutzung muss akzeptiert werden, da andernfalls keine Versorgung erfolgen kann.";"Hinweis in GA: zu verwendendes Zubehör"
"5 Gefährdungen im Zusammenhang mit der Anwendung des Medizinprodukts 5.4 unzureichende Prüfung der Spezifikation vor der Anwendung";"ja";"Dichtlippe bei Linerversorgungen für Unterdrucksysteme ist nicht passgerecht, schlägt Falten";"Sturzgefahr durch Verlust des Unterdrucks zur Fixierung";"möglich";"besonders hoch";"Überschreitet das definierte Akzeptanzniveau";"Systematische Zustandserhebung und Maßnahme und Maßdokumentation, ggf. Anpassung der korrekten Größe, Anprobe durch qualifizierte Mitarbeiter";"möglich";"mittel";"Innerhalb des definierten Akzeptanzniveaus";"Das Restrisiko einer generellen Sturzgefahr muss akzeptiert werden, da andernfalls keine Versorgung erfolgen kann.";
"5 Gefährdungen im Zusammenhang mit der Anwendung des Medizinprodukts 5.4 unzureichende Prüfung der Spezifikation vor der Anwendung";"ja";"Kniebeugewinkel beim Radfahren ist deutlich größer als beim Gehen";"Verlust der Prothese beim Radfahren";"möglich";"besonders hoch";"Überschreitet das definierte Akzeptanzniveau";"Benutzen einer Kniekappe";"möglich";"mittel";"Innerhalb des definierten Akzeptanzniveaus";"Das Restrisiko einer generellen Sturzgefahr muss akzeptiert werden, da andernfalls keine Versorgung erfolgen kann.";"Hinweis auf die Benutzung in der Gebrauchsanweisung"
"5 Gefährdungen im Zusammenhang mit der Anwendung des Medizinprodukts 5.4 unzureichende Prüfung der Spezifikation vor der Anwendung";"ja";"Mangelnde Bewegungskoordination";"Sturzgefahr, weil Fußspitze am Boden hängen bleibt";"sehr wahrscheinlich";"besonders hoch";"Überschreitet das definierte Akzeptanzniveau";"Gehschultraining";"möglich";"mittel";"Innerhalb des definierten Akzeptanzniveaus";"Das Restrisiko einer generellen Sturzgefahr muss akzeptiert werden, da andernfalls keine Versorgung erfolgen kann.";"Hinweis in GA: Handhabung / Funktionsweise / Risiken"
"5 Gefährdungen im Zusammenhang mit der Anwendung des Medizinprodukts 5.4 unzureichende Prüfung der Spezifikation vor der Anwendung";"ja";"Schaft aufgrund einer Körpergewichtszunahme zu eng";"Durchblutungsstörung, Stauungsgefahr";"möglich";"besonders hoch";"Überschreitet das definierte Akzeptanzniveau";"Unterweisung der Patienten durch qualifizierte Mitarbeiter";"möglich";"mittel";"Innerhalb des definierten Akzeptanzniveaus";"Das Restrisiko für spontane Weichteilschädigungen muss akzeptiert werden, da andernfalls keine Versorgung erfolgen kann.";"Hinweis in GA: Verhalten bei Stumpfschwankungen / Auswirkung von Körpergewichtsveränderungen"
"5 Gefährdungen im Zusammenhang mit der Anwendung des Medizinprodukts 5.4 unzureichende Prüfung der Spezifikation vor der Anwendung";"ja";"Sehr weiches Gewebe; sehr lange Körperhaare oder Schaftendbereich zu eng";"Einklemmen der Haut oder Körperhaaren am Ventil beim Anziehen";"wahrscheinlich";"mittel";"Überschreitet das definierte Akzeptanzniveau";"Systematische Maßtechnik; Verwendung anderer Stumpfstrümpfe; Anprobe durch qualifizierte Mitarbeiter, ggf. Haare im Bereich des Ventils kürzen, Ventilkonzept ändern!";"möglich";"mittel";"Innerhalb des definierten Akzeptanzniveaus";"Das Restrisiko für spontane Weichteilschädigungen muss akzeptiert werden, da andernfalls keine Versorgung erfolgen kann.";
"5 Gefährdungen im Zusammenhang mit der Anwendung des Medizinprodukts 5.4 unzureichende Prüfung der Spezifikation vor der Anwendung";"ja";"Stumpf nicht mit Stumpfstrumpf geschützt, Volumen nicht korrekt, Stumpfschwankung (Weichteil-/Morphologieveränderung) ohne Volumenabnahme";"Hautschädigung durch Reibung";"wahrscheinlich";"hoch";"Überschreitet das definierte Akzeptanzniveau";"Anprobe durch qualifizierte Mitarbeiter, Volumenkontrolle und ggf. Nachpassung auch durch Strümpfe oder Polster";"möglich";"mittel";"Innerhalb des definierten Akzeptanzniveaus";"Das Restrisiko für spontane Weichteilschädigungen muss akzeptiert werden, da andernfalls keine Versorgung erfolgen kann.";
"5 Gefährdungen im Zusammenhang mit der Anwendung des Medizinprodukts 5.4 unzureichende Prüfung der Spezifikation vor der Anwendung";"ja";"Stumpfschwankungen, mangelnde Compliance des Kunden, Stumpfvolumenab- oder zunahme";"Hautschädigung durch unkorrekte Position des Stumpfs im Prothesenschaft";"wahrscheinlich";"hoch";"Überschreitet das definierte Akzeptanzniveau";"Ausführliche Einweisung ggf. Hilfsmarkierung an der Prothese. Zustandserhebung /Anamnese";"möglich";"mittel";"Innerhalb des definierten Akzeptanzniveaus";"Das Restrisiko für spontane Weichteilschädigungen muss akzeptiert werden, da andernfalls keine Versorgung erfolgen kann.";"Hinweis in GA: Verhalten bei Stumpfschwankungen"
"5 Gefährdungen im Zusammenhang mit der Anwendung des Medizinprodukts 5.4 unzureichende Prüfung der Spezifikation vor der Anwendung";"ja";"veränderte Statik (z.Bsp. zunehmendes Streckdefizit)";"Rückenprobleme, Unsicherheit in der Standphase, fehlerhafte Schwungphasenauslösung";"möglich";"besonders hoch";"Überschreitet das definierte Akzeptanzniveau";"Unterweisung der Patienten durch qualifizierte Mitarbeiter, regelmäßige Kontrolle und Versorgungsevaluation";"möglich";"mittel";"Innerhalb des definierten Akzeptanzniveaus";"Das Restrisiko einer generellen Sturzgefahr muss akzeptiert werden, da andernfalls keine Versorgung erfolgen kann.";"Hinweis in GA: Handhabung / Funktionsweise, Inspektion / Wartung"
"5 Gefährdungen im Zusammenhang mit der Anwendung des Medizinprodukts 5.4 unzureichende Prüfung der Spezifikation vor der Anwendung";"ja";"Volumen oder Paßform nicht korrekt; Compliance des Patienten";"Sturzgefahr durch Funktionsverlust der Prothese durch unkorrekte Position zwischen Stumpf und Prothesenschaft";"möglich";"besonders hoch";"Überschreitet das definierte Akzeptanzniveau";"Systematische Zustandserhebung und Festlegung der Versorgung durch qualifizierte Mitarbeiter, erneute Einweisung des Patienten in die Funktion";"möglich";"mittel";"Innerhalb des definierten Akzeptanzniveaus";"Das Restrisiko einer generellen Sturzgefahr muss akzeptiert werden, da andernfalls keine Versorgung erfolgen kann.";
"5 Gefährdungen im Zusammenhang mit der Anwendung des Medizinprodukts 5.4 unzureichende Prüfung der Spezifikation vor der Anwendung
5 Gefährdungen im Zusammenhang mit der Anwendung des Medizinprodukts 5.8 begründet voraussehbarer Missbrauch";"ja";"unsachgemäße Benutzung durch den Patienten, z.B.  Kontakt der Prothese mit Säuren oder Salzwasser";"Sturzgefahr durch Bruch, Materialermüdung von Prothesenteilen";"sehr wahrscheinlich";"besonders hoch";"Überschreitet das definierte Akzeptanzniveau";"Systematische Zustandserhebung und Festlegung der Versorgung durch qualifizierte Mitarbeiter; Beachtung der Herstellerrichtlinien";"möglich";"mittel";"Innerhalb des definierten Akzeptanzniveaus";"Das Restrisiko einer generellen Sturzgefahr muss akzeptiert werden, da andernfalls keine Versorgung erfolgen kann.";"Hinweis in GA: Einsatz- und Belastungsgrenzen, Instandhaltung/ Wartung"
"5 Gefährdungen im Zusammenhang mit der Anwendung des Medizinprodukts 5.4 unzureichende Prüfung der Spezifikation vor der Anwendung
7 Gefährdungen infolge von Funktionsfehlern, falscher Wartung und Alterung 7.4 fehlende geeignete Festlegung, wann die Gebrauchsfähigkeit des Medizinprodukts ausläuft";"ja";"Längenwachstum bei Kindern, Kontrollintervall zu groß";"Beckenschiefstand, Folgeschäden";"sehr wahrscheinlich";"besonders hoch";"Überschreitet das definierte Akzeptanzniveau";"Unterweisung der Patienten durch qualifizierte Mitarbeiter, regelmäßige Kontrolle und Versorgungsevaluation";"möglich";"mittel";"Innerhalb des definierten Akzeptanzniveaus";"Das Restrisiko einer Fehlnutzung muss akzeptiert werden, da andernfalls keine Versorgung erfolgen kann.";"Hinweis in GA: Handhabung / Funktionsweise, Inspektion / Wartung"
"5 Gefährdungen im Zusammenhang mit der Anwendung des Medizinprodukts 5.6 unzureichender Spezifikationen für Betrieb und Wartung";"ja";"Schienengelenke laufen nicht frei / Funktionsverlust aufgrund fehlender Wartung";"Sturzgefahr durch Hängenbleiben";"möglich";"hoch";"Überschreitet das definierte Akzeptanzniveau";"Funktionsprüfung vor Abgabe, bei Wartung überprüfen, Patienten auf Instandhaltungsintervalle hinweisen";"möglich";"mittel";"Innerhalb des definierten Akzeptanzniveaus";"Das Restrisiko einer generellen Sturzgefahr muss akzeptiert werden, da andernfalls keine Versorgung erfolgen kann.";"Hinweis in GA: Handhabung / Funktionsweise, Inspektion / Wartung"
"5 Gefährdungen im Zusammenhang mit der Anwendung des Medizinprodukts 5.7 Anwendung durch unausgebildetes/ungeübtes Personal";"ja";"falsche Anziehtechnik";"Einklemmen von Körperteilen, Weichteilschädigung, Vergrößerung des Sturzrisikos";"sehr wahrscheinlich";"hoch";"Überschreitet das definierte Akzeptanzniveau";"Systematische Zustandserhebung und Festlegung der Versorgung durch qualifizierte Mitarbeiter; Anprobe durch qualifizierte Mitarbeiter; Unterweisung der Patienten";"möglich";"mittel";"Innerhalb des definierten Akzeptanzniveaus";"Das Restrisiko einer Fehlnutzung muss akzeptiert werden, da andernfalls keine Versorgung erfolgen kann.";
"5 Gefährdungen im Zusammenhang mit der Anwendung des Medizinprodukts 5.8 begründet voraussehbarer Missbrauch";"ja";"Absatzhöhe des Schuhs nicht korrekt, falsches Schuhwerk, falsche Einstellung bei höhenverstellbaren Fuß";"Überlastung der kontralaterlalen Seite, Sturzgefahr";"sehr wahrscheinlich";"hoch";"Überschreitet das definierte Akzeptanzniveau";"Systematische Zustandserhebung und Festlegung der Versorgung durch qualifizierte Mitarbeiter; Anprobe durch qualifizierte Mitarbeiter; Unterweisung der Patienten";"möglich";"mittel";"Innerhalb des definierten Akzeptanzniveaus";"Das Restrisiko einer Fehlnutzung muss akzeptiert werden, da andernfalls keine Versorgung erfolgen kann.";
"5 Gefährdungen im Zusammenhang mit der Anwendung des Medizinprodukts 5.8 begründet voraussehbarer Missbrauch";"ja";"Nutzung von Prothesen mit Schutzcover (Sealprene) in zu feuchtem Milieu";"Defekt/Bruch der Prothese durch Wasserschaden, Korrosion";"möglich";"hoch";"Überschreitet das definierte Akzeptanzniveau";"Unterweisung der Patienten durch qualifizierte Mitarbeiter";"unwahrscheinlich";"hoch";"Innerhalb des definierten Akzeptanzniveaus";"Das Restrisiko einer Fehlnutzung muss akzeptiert werden, da andernfalls keine Versorgung erfolgen kann.";"Hinweis in GA: Bestimmungsgemäßer Gebrauch; Aushändigung Produkt-GA, Haftungsausschluss"
"5 Gefährdungen im Zusammenhang mit der Anwendung des Medizinprodukts 5.8 begründet voraussehbarer Missbrauch";"ja";"Verwendung für nicht zugelassene Anwendung (z.B. Nassbereich, Sport)";"Gefahr von Fehlfunktion, vorzeitigem Verschleiß, Stufzgefahr";"wahrscheinlich";"besonders hoch";"Überschreitet das definierte Akzeptanzniveau";"Systematische Zustandserhebung und Festlegung der Versorgung durch qualifizierte Mitarbeiter; Anprobe durch qualifizierte Mitarbeiter; Unterweisung der Patienten";"unwahrscheinlich";"besonders hoch";"Innerhalb des definierten Akzeptanzniveaus";"Das Restrisiko einer Fehlnutzung muss akzeptiert werden, da andernfalls keine Versorgung erfolgen kann.";"Hinweis in GA: Bestimmungsgemäßer Gebrauch, Belastungsgrenzen"
"5 Gefährdungen im Zusammenhang mit der Anwendung des Medizinprodukts 5.9 unzureichende Festigkeit der Klemmverbindung";"ja";"Lösen mechanischer Verbindungen";"Verlust der Prothese, Sturzgefahr";"möglich";"besonders hoch";"Überschreitet das definierte Akzeptanzniveau";"Anwendung technischer Informationen; Festlegung des Herstellungsprozesses durch qualifizierte Mitarbeiter";"unwahrscheinlich";"hoch";"Innerhalb des definierten Akzeptanzniveaus";"Das Restrisiko einer generellen Sturzgefahr muss akzeptiert werden, da andernfalls keine Versorgung erfolgen kann.";"Hinweis in GA: Belastungsgrenzen"
"6 Ungeeignete, unzulängliche oder zu komplizierte Schnittstelle mit dem Anwender 6.1 Fehler und Irrtümer in der Beurteilung";"ja";"falsche Auswahl von Bauteilen/ Konfiguration";"Funktionseinschränkung, Sturzgefahr";"wahrscheinlich";"besonders hoch";"Überschreitet das definierte Akzeptanzniveau";"Systematische Zustandserhebung und Festlegung der Versorgung durch qualifizierte Mitarbeiter, Beachtung der Herstellerrichtlinien";"möglich";"mittel";"Innerhalb des definierten Akzeptanzniveaus";"Das Restrisiko einer generellen Sturzgefahr muss akzeptiert werden, da andernfalls keine Versorgung erfolgen kann.";
"6 Ungeeignete, unzulängliche oder zu komplizierte Schnittstelle mit dem Anwender 6.2 Lücken und Irrtümer der kognitiven Erinnerung";"ja";"falsche statische Einstellung durch höhenverstellbarer Fuß ";"Hängenbleiben in der Schwungphase, Unsicherheit in der Standphase";"wahrscheinlich";"besonders hoch";"Überschreitet das definierte Akzeptanzniveau";"Unterweisung der Patienten durch qualifizierte Mitarbeiter";"möglich";"mittel";"Innerhalb des definierten Akzeptanzniveaus";"Das Restrisiko einer generellen Sturzgefahr muss akzeptiert werden, da andernfalls keine Versorgung erfolgen kann.";"Hinweis in GA: Handhabung / Funktionsweise, Inspektion / Wartung"
"6 Ungeeignete, unzulängliche oder zu komplizierte Schnittstelle mit dem Anwender 6.2 Lücken und Irrtümer der kognitiven Erinnerung";"ja";"falsches Anziehen des Liners";"Spannungsblasen/ Hautschädigung";"sehr wahrscheinlich";"mittel";"Überschreitet das definierte Akzeptanzniveau";"Unterweisung der Patienten durch qualifizierte Mitarbeiter";"möglich";"mittel";"Innerhalb des definierten Akzeptanzniveaus";"Das Restrisiko einer Fehlnutzung muss akzeptiert werden, da andernfalls keine Versorgung erfolgen kann.";
"6 Ungeeignete, unzulängliche oder zu komplizierte Schnittstelle mit dem Anwender 6.2 Lücken und Irrtümer der kognitiven Erinnerung";"ja";"Liner hat Risse durch falsche Lagerung";"Hautschädigung";"wahrscheinlich";"besonders hoch";"Überschreitet das definierte Akzeptanzniveau";"Unterweisung der Patienten durch qualifizierte Mitarbeiter";"möglich";"mittel";"Innerhalb des definierten Akzeptanzniveaus";"Das Restrisiko einer Fehlnutzung muss akzeptiert werden, da andernfalls keine Versorgung erfolgen kann.";
"6 Ungeeignete, unzulängliche oder zu komplizierte Schnittstelle mit dem Anwender 6.2 Lücken und Irrtümer der kognitiven Erinnerung";"ja";"Strumpf klemmt im Pinkanal";"Prothese lässt sich nicht mehr ausziehen";"möglich";"mittel";"Innerhalb des definierten Akzeptanzniveaus";"Unterweisung der Patienten durch qualifizierte Mitarbeiter";"möglich";"mittel";"Innerhalb des definierten Akzeptanzniveaus";"Das Restrisiko einer Fehlnutzung muss akzeptiert werden, da andernfalls keine Versorgung erfolgen kann.";"Hinweis in GA: Handhabung / Funktionsweise, Inspektion / Wartung"
"6 Ungeeignete, unzulängliche oder zu komplizierte Schnittstelle mit dem Anwender 6.2 Lücken und Irrtümer der kognitiven Erinnerung";"ja";"Ungeschicktes oder unkontrolliertes Ziehen an der Anziehhilfe";"Stumpf wird nicht korrekt in den Schaft eingezogen, Passformprobleme; Handverletzung";"wahrscheinlich";"hoch";"Überschreitet das definierte Akzeptanzniveau";"Prothesengebrauchsschulung, Unterweisung der Patienten";"möglich";"mittel";"Innerhalb des definierten Akzeptanzniveaus";"Das Restrisiko einer Fehlnutzung muss akzeptiert werden, da andernfalls keine Versorgung erfolgen kann.";"Hinweis in GA: Handhabung / Funktion"
"6 Ungeeignete, unzulängliche oder zu komplizierte Schnittstelle mit dem Anwender 6.3 Versehen und Fehler (auf körperlicher oder geistiger Grundlage)";"ja";"Prothese wird nicht korrekt angezogen, Handhabungsfehler; keine korrekte Passform des Prothesenschaftes";"Hautschädigung durch Einklemmen während des Anziehens";"sehr wahrscheinlich";"hoch";"Überschreitet das definierte Akzeptanzniveau";"Systematische Zustandserhebung, Anprobe und Unterweisung der Patienten durch qualifizierte Mitarbeiter";"möglich";"mittel";"Innerhalb des definierten Akzeptanzniveaus";"Das Restrisiko für spontane Weichteilschädigungen muss akzeptiert werden, da andernfalls keine Versorgung erfolgen kann.";
"6 Ungeeignete, unzulängliche oder zu komplizierte Schnittstelle mit dem Anwender 6.3 Versehen und Fehler (auf körperlicher oder geistiger Grundlage)";"ja";"Ventilkörper ist nicht korrekt eingeschraubt oder eingerastet. Ventilkörper, Ventildichtung oder Ventilring sind undicht";"Sturzgefahr durch Lufteinzug und -ausstoß während des Gehens";"wahrscheinlich";"besonders hoch";"Überschreitet das definierte Akzeptanzniveau";"Systematische Zustandserhebung und Festlegung der Versorgung durch qualifizierte Mitarbeiter; Anprobe durch qualifizierte Mitarbeiter; Unterweisung der Patienten";"möglich";"mittel";"Innerhalb des definierten Akzeptanzniveaus";"Das Restrisiko einer generellen Sturzgefahr muss akzeptiert werden, da andernfalls keine Versorgung erfolgen kann.";"Hinweis in GA: Handhabung / Funktionsweise, Inspektion / Wartung"
"6 Ungeeignete, unzulängliche oder zu komplizierte Schnittstelle mit dem Anwender 6.5 kompliziertes oder verwirrendes Steuersystem";"ja";"Unsachgemäße Anwendung, Unachtsamkeit";"Sturzgefahr durch falschen Funktionsmodus";"möglich";"besonders hoch";"Überschreitet das definierte Akzeptanzniveau";"Unterweisung der Patienten durch qualifizierte Mitarbeiter";"unwahrscheinlich";"hoch";"Innerhalb des definierten Akzeptanzniveaus";"Das Restrisiko einer generellen Sturzgefahr muss akzeptiert werden, da andernfalls keine Versorgung erfolgen kann.";"Hinweis in GA: Einsatz- und Belastungsgrenzen, Handhabung / Funktionsweise"
"7 Gefährdungen infolge von Funktionsfehlern, falscher Wartung und Alterung 7.1 fehlerhafte Datenübertragung";"ja";"Funktionsverlust, Steuerungsfehler";"Sturzgefahr durch unzureichende elektronische Funktionalität";"möglich";"besonders hoch";"Überschreitet das definierte Akzeptanzniveau";"Anwendung technischer Informationen; Anprobe durch qualifizierte Mitarbeiter";"unwahrscheinlich";"niedrig";"Innerhalb des definierten Akzeptanzniveaus";"Das Restrisiko einer generellen Sturzgefahr muss akzeptiert werden, da andernfalls keine Versorgung erfolgen kann.";
"7 Gefährdungen infolge von Funktionsfehlern, falscher Wartung und Alterung 7.2 fehlende oder unzureichende Spezifikationen für die Wartung einschließlich unzureichender Spezifikation für Funktionsprüfung nach der Wartung
7 Gefährdungen infolge von Funktionsfehlern, falscher Wartung und Alterung 7.3 unzureichende Wartung";"ja";"Materialverschleiß, Überlastung, unsachgemäße Anwendung";"Hautschädigung durch Materialermüdung, Bruch der Prothese, Sturzgefahr durch unzureichende elektronische oder mechanische Funktionalität,";"sehr wahrscheinlich";"besonders hoch";"Überschreitet das definierte Akzeptanzniveau";"Systematische Zustandserhebung und Festlegung der Versorgung durch qualifizierte Mitarbeiter; Unterweisung der Patienten durch qualifizierte Mitarbeiter";"unwahrscheinlich";"besonders hoch";"Innerhalb des definierten Akzeptanzniveaus";"Das Restrisiko einer generellen Sturzgefahr und spontaner Weichteilschädigungen muss akzeptiert werden, da andernfalls keine Versorgung erfolgen kann.";"Hinweis in GA: Bestimmungsgemäßer Gebrauch, Einsatz- und Belastungsgrenzen, Inspektion / Wartung"
"7 Gefährdungen infolge von Funktionsfehlern, falscher Wartung und Alterung 7.3 unzureichende Wartung";"ja";"Abnutzung beweglicher Teile";"Sturzgefahr bei unzureichender Streckung";"möglich";"besonders hoch";"Überschreitet das definierte Akzeptanzniveau";"Systematische Zustandserhebung und Festlegung der Versorgung durch qualifizierte Mitarbeiter; Herstellerrichtlinien einhalten; Unterweisung der Patienten durch qualifizierte Mitarbeiter; Checklisten für Wartungstätigkeiten";"unwahrscheinlich";"hoch";"Innerhalb des definierten Akzeptanzniveaus";"Das Restrisiko einer generellen Sturzgefahr muss akzeptiert werden, da andernfalls keine Versorgung erfolgen kann.";"Hinweis in GA: Bestimmungsgemäßer Gebrauch, Einsatz- und Belastungsgrenzen, Inspektion / Wartung"
"7 Gefährdungen infolge von Funktionsfehlern, falscher Wartung und Alterung 7.5 Verlust der elektrischen/mechanischen Unversehrtheit";"ja";"Beschädigung durch Knien mit der Prothese, Alterung, normaler Verschleiß";"Einklemmgefährdung durch Einreißen der Kosmetik im Kniebereich";"sehr wahrscheinlich";"hoch";"Überschreitet das definierte Akzeptanzniveau";"Unterweisung der Patienten durch qualifizierte Mitarbeiter";"möglich";"mittel";"Innerhalb des definierten Akzeptanzniveaus";"Das Restrisiko für spontane Weichteilschädigungen muss akzeptiert werden, da andernfalls keine Versorgung erfolgen kann.";"Hinweis in GA: Handhabung / Funktionsweise, Inspektion / Wartung"
"7 Gefährdungen infolge von Funktionsfehlern, falscher Wartung und Alterung 7.5 Verlust der elektrischen/mechanischen Unversehrtheit";"ja";"Fehlerhafte Dokumentation des Körpergewichtes";"Sturzgefahr durch Bruch, Materialermüdung von Prothesenteilen";"wahrscheinlich";"besonders hoch";"Überschreitet das definierte Akzeptanzniveau";"Weiter Wiegemaßnahme vor Abgabe der Prothese und Dokumentation in Arbeitskarte";"möglich";"mittel";"Innerhalb des definierten Akzeptanzniveaus";"Das Restrisiko einer generellen Sturzgefahr muss akzeptiert werden, da andernfalls keine Versorgung erfolgen kann.";
"7 Gefährdungen infolge von Funktionsfehlern, falscher Wartung und Alterung 7.5 Verlust der elektrischen/mechanischen Unversehrtheit";"ja";"unzureichende Festigkeit / Überlastung, Alterung";"Sturzgefahr durch Bruch, Materialermüdung von Prothesenteilen; Sturzgefahr durch Ausriss des Eingussankers oder des Schaftadapters";"wahrscheinlich";"besonders hoch";"Überschreitet das definierte Akzeptanzniveau";"Systematische Zustandserhebung und Festlegung der Versorgung durch qualifizierte Mitarbeiter; Berücksichtigung der Herstellerrichtlinien; Verwendung von freigegebenen Komponentenkombinationen";"möglich";"mittel";"Innerhalb des definierten Akzeptanzniveaus";"Das Restrisiko einer generellen Sturzgefahr muss akzeptiert werden, da andernfalls keine Versorgung erfolgen kann.";
"7 Gefährdungen infolge von Funktionsfehlern, falscher Wartung und Alterung 7.6 ungeeignete Verpackung (Verunreinigung und/oder Beeinträchtigung des Medizinprodukts)";"ja";"mangelhafte Verpackung, mangelhafte Sicherung während des Transports";"Zerstörung / Beschädigung der Prothese während der Lagerung / Transport";"möglich";"mittel";"Innerhalb des definierten Akzeptanzniveaus";"Ausreichende Verpackung, ausreichende Sicherung während des Transports";"möglich";"mittel";"Innerhalb des definierten Akzeptanzniveaus";"Das Restrisiko im Versandfall muss akzeptiert werden, da im Einzelfall ein Versand unumgänglich ist um die Versorgung im Sinne der Compliance sicherstellen zu können.";
"7 Gefährdungen infolge von Funktionsfehlern, falscher Wartung und Alterung 7.7 Wiederverwendung und/oder unrichtige Wiederverwendung";"ja";"mangelnde Reinigung der Prothese";"Hautschädigung, Reizung, Unverträglichkeit, Sensibilisierung, Infektion";"sehr wahrscheinlich";"hoch";"Überschreitet das definierte Akzeptanzniveau";"Systematische Zustandserhebung und Festlegung der Versorgung durch qualifizierte Mitarbeiter; Unterweisung der Patienten durch qualifizierte Mitarbeiter";"unwahrscheinlich";"hoch";"Innerhalb des definierten Akzeptanzniveaus";"Das Restrisiko einer Fehlnutzung muss akzeptiert werden, da andernfalls keine Versorgung erfolgen kann.";"Hinweis in GA: Stumpfbehandlung, Stumpfhygiene, Reinigung / Desinfektion"
"7 Gefährdungen infolge von Funktionsfehlern, falscher Wartung und Alterung 7.8 Funktionsverschlechterung (z. B. zunehmender Verschluss von Flüssigkeits-oder Gasleitungen, oder Veränderungen des Strömungswiderstandes oder der elektrischen Leitfähigkeit) als Ergebnis widerholten Gebrauchs";"ja";"Abnutzung beweglicher Teile";"Sturzgefahr, weil Kniegelenk sich aus der Beugung nicht strecken lässt";"sehr wahrscheinlich";"besonders hoch";"Überschreitet das definierte Akzeptanzniveau";"Funktionsprüfung vor Abgabe, bei Wartung überprüfen";"möglich";"mittel";"Innerhalb des definierten Akzeptanzniveaus";"Das Restrisiko einer generellen Sturzgefahr muss akzeptiert werden, da andernfalls keine Versorgung erfolgen kann.";"Hinweis in GA: Inspektion / Wartung"
"7 Gefährdungen infolge von Funktionsfehlern, falscher Wartung und Alterung 7.8 Funktionsverschlechterung (z. B. zunehmender Verschluss von Flüssigkeits-oder Gasleitungen, oder Veränderungen des Strömungswiderstandes oder der elektrischen Leitfähigkeit) als Ergebnis widerholten Gebrauchs";"ja";"Alterung der Anziehhilfe, scharfe Kanten am Ausziehloch, falsche Anziehtechnik";"Handverletzung";"sehr wahrscheinlich";"hoch";"Überschreitet das definierte Akzeptanzniveau";"Sichtprüfung vor Anprobe; Unterweisung der Patienten durch qualifizierte Mitarbeiter";"möglich";"mittel";"Innerhalb des definierten Akzeptanzniveaus";"Das Restrisiko einer Fehlnutzung muss akzeptiert werden, da andernfalls keine Versorgung erfolgen kann.";
"7 Gefährdungen infolge von Funktionsfehlern, falscher Wartung und Alterung 7.8 Funktionsverschlechterung (z. B. zunehmender Verschluss von Flüssigkeits-oder Gasleitungen, oder Veränderungen des Strömungswiderstandes oder der elektrischen Leitfähigkeit) als Ergebnis widerholten Gebrauchs";"ja";"Anziehhilfe zerreißt beim Herausziehen";"Handverletzung";"sehr wahrscheinlich";"hoch";"Überschreitet das definierte Akzeptanzniveau";"Prothesengebrauchsschulung. Regelm. Kontrolle des Verschleiß und der Passform";"möglich";"mittel";"Innerhalb des definierten Akzeptanzniveaus";"Das Restrisiko einer Fehlnutzung muss akzeptiert werden, da andernfalls keine Versorgung erfolgen kann.";"Hinweis in GA: Handhabung / Funktion"
"7 Gefährdungen infolge von Funktionsfehlern, falscher Wartung und Alterung 7.8 Funktionsverschlechterung (z. B. zunehmender Verschluss von Flüssigkeits-oder Gasleitungen, oder Veränderungen des Strömungswiderstandes oder der elektrischen Leitfähigkeit) als Ergebnis widerholten Gebrauchs";"ja";"Bruch beweglicher Teile des Kniegelenkes";"Sturzgefahr durch Unbeabsichtigtes Einbeugen des Prothesenkniegelenks beim Anziehen der Prothese";"möglich";"besonders hoch";"Überschreitet das definierte Akzeptanzniveau";"Systematische Zustandserhebung und Festlegung der Versorgung durch qualifizierte Mitarbeiter, Beachtung der Herstellerrichtlinien";"möglich";"mittel";"Innerhalb des definierten Akzeptanzniveaus";"Das Restrisiko einer generellen Sturzgefahr muss akzeptiert werden, da andernfalls keine Versorgung erfolgen kann.";
"7 Gefährdungen infolge von Funktionsfehlern, falscher Wartung und Alterung 7.8 Funktionsverschlechterung (z. B. zunehmender Verschluss von Flüssigkeits-oder Gasleitungen, oder Veränderungen des Strömungswiderstandes oder der elektrischen Leitfähigkeit) als Ergebnis widerholten Gebrauchs";"ja";"Druckabfall im Pneumatikzylinder, Luft im Hydraulikzylinder";"Sturzgefahr, weil Standphasenwiderstand zu gering;Sturzgefahr, weil Schwungphasensteuerung unzureichend, zu große Flexionsbewegung, zu langsame Extensionsbewegung";"möglich";"besonders hoch";"Überschreitet das definierte Akzeptanzniveau";"Funktionsprüfung vor Abgabe, bei Wartung überprüfen";"möglich";"mittel";"Innerhalb des definierten Akzeptanzniveaus";"Das Restrisiko einer generellen Sturzgefahr muss akzeptiert werden, da andernfalls keine Versorgung erfolgen kann.";"Hinweis in GA: Inspektion / Wartung"
"7 Gefährdungen infolge von Funktionsfehlern, falscher Wartung und Alterung 7.8 Funktionsverschlechterung (z. B. zunehmender Verschluss von Flüssigkeits-oder Gasleitungen, oder Veränderungen des Strömungswiderstandes oder der elektrischen Leitfähigkeit) als Ergebnis widerholten Gebrauchs";"ja";"Fremdkörper in der Mechanik";"Sturzgefahr, weil Sperre nicht einrastet, weil Kniegelenk sich aus der Beugung nicht strecken lässt, oder Kniegelenk zur Einleitung der Schwungphase nicht einbeugt";"möglich";"besonders hoch";"Überschreitet das definierte Akzeptanzniveau";"Wenn nicht schon konstruktiv geschützt, Abdeckung durch feinen Trikot, Neoprenhülle, zusätzliche Gelenkverkleidung";"möglich";"mittel";"Innerhalb des definierten Akzeptanzniveaus";"Das Restrisiko einer generellen Sturzgefahr muss akzeptiert werden, da andernfalls keine Versorgung erfolgen kann.";
"8 Gefährdungen infolge von Herstellungsfehlern 8.3 Fehlerhafte herstellungsbegleitende Prüfungen";"ja";"Adipöse Stumpfverhältnisse mit starkem Weichteilüberhang; mangelhaftes Verschlusskonzept";"Hautschädigung durch Einklemmen im Bereich von Verschlüssen";"wahrscheinlich";"hoch";"Überschreitet das definierte Akzeptanzniveau";"Systematische Zustandserhebung, ggf. Änderung der Verschlusstechnik, Anprobe durch qualifizierte Mitarbeiter, Einarbeitung von Laschen zur  Weichteilführung, Unterweisung der Patienten durch qualifizierte Mitarbeiter";"möglich";"mittel";"Innerhalb des definierten Akzeptanzniveaus";"Das Restrisiko für spontane Weichteilschädigungen muss akzeptiert werden, da andernfalls keine Versorgung erfolgen kann.";
"8 Gefährdungen infolge von Herstellungsfehlern 8.3 Fehlerhafte herstellungsbegleitende Prüfungen";"ja";"Bodenunebenheiten, Bremswirkung zu gering eingestellt oder Rückverlagerung des Kniedrehpunktes zu gering, statischer Aufbau der Prothese zu labil";"Sturzgefahr durch Unbeabsichtigtes Einknicken im Prothesenkniegelenk nach Fersenkontakt";"möglich";"besonders hoch";"Überschreitet das definierte Akzeptanzniveau";"Systematische Zustandserhebung und Anprobe durch qualifizierte Mitarbeiter; Beachtung der Herstellerrichtlinien; Gehschultraining";"möglich";"mittel";"Innerhalb des definierten Akzeptanzniveaus";"Das Restrisiko einer generellen Sturzgefahr muss akzeptiert werden, da andernfalls keine Versorgung erfolgen kann.";
"8 Gefährdungen infolge von Herstellungsfehlern 8.3 Fehlerhafte herstellungsbegleitende Prüfungen";"ja";"Distaler und mittlerer Schaftbereich zu weit, keine Femurspange oder laterale Anlage";"Scheuerstellen am distalen Stumpf im Bereich des Ventils";"möglich";"hoch";"Überschreitet das definierte Akzeptanzniveau";"Systematische Maß- und Abformtechnik, Anprobe durch qualifizierte Mitarbeiter";"möglich";"mittel";"Innerhalb des definierten Akzeptanzniveaus";"Das Restrisiko für spontane Weichteilschädigungen muss akzeptiert werden, da andernfalls keine Versorgung erfolgen kann.";
"8 Gefährdungen infolge von Herstellungsfehlern 8.3 Fehlerhafte herstellungsbegleitende Prüfungen";"ja";"Fehlerhafter Aufbau";"Überlastung der kontralateralen Seite, unphysiologische Gangabweichungen";"möglich";"besonders hoch";"Überschreitet das definierte Akzeptanzniveau";"Berücksichtigung der Herstellerrichtlinien; Anprobe durch qualifizierte Mitarbeiter";"möglich";"mittel";"Innerhalb des definierten Akzeptanzniveaus";"Das Restrisiko für spontane Weichteilschädigungen muss akzeptiert werden, da andernfalls keine Versorgung erfolgen kann.";
"8 Gefährdungen infolge von Herstellungsfehlern 8.3 Fehlerhafte herstellungsbegleitende Prüfungen";"ja";"Konstruktionsmaße der Schafteintrittsebene zu groß";"Druckstellen im proximalen Stumpfbereich und/ oder am distalen Stumpfende";"möglich";"hoch";"Überschreitet das definierte Akzeptanzniveau";"Systematische Maß- und Abformtechnik, Anprobe durch qualifizierte Mitarbeiter";"möglich";"mittel";"Innerhalb des definierten Akzeptanzniveaus";"Das Restrisiko für spontane Weichteilschädigungen muss akzeptiert werden, da andernfalls keine Versorgung erfolgen kann.";
"8 Gefährdungen infolge von Herstellungsfehlern 8.3 Fehlerhafte herstellungsbegleitende Prüfungen";"ja";"Konstruktionsmaße der Schafteintrittsebene zu klein";"Scheuerstellen im Proximalen Stumpfbereich; Hautschädigung durch Weichteilüberhang; kein endkontakt, Gefahr der Ödembildung";"möglich";"besonders hoch";"Überschreitet das definierte Akzeptanzniveau";"Systematische Maß- und Abformtechnik, Anprobe durch qualifizierte Mitarbeiter";"möglich";"mittel";"Innerhalb des definierten Akzeptanzniveaus";"Das Restrisiko für spontane Weichteilschädigungen muss akzeptiert werden, da andernfalls keine Versorgung erfolgen kann.";
"8 Gefährdungen infolge von Herstellungsfehlern 8.3 Fehlerhafte herstellungsbegleitende Prüfungen";"ja";"Rauer proximaler Rand durch Verarbeitungsfehler";"Scheuerstellen am proximalen Rand";"möglich";"hoch";"Überschreitet das definierte Akzeptanzniveau";"Anprobe durch qualifizierte Mitarbeiter, Prüfung vor Anprobe, Wartung";"möglich";"mittel";"Innerhalb des definierten Akzeptanzniveaus";"Das Restrisiko für spontane Weichteilschädigungen muss akzeptiert werden, da andernfalls keine Versorgung erfolgen kann.";
"8 Gefährdungen infolge von Herstellungsfehlern 8.3 Fehlerhafte herstellungsbegleitende Prüfungen";"ja";"Rauer proximaler Rand durch Verarbeitungsfehler";"Scheuerstellen am proximalen Rand";"möglich";"hoch";"Überschreitet das definierte Akzeptanzniveau";"Anprobe durch qualifizierte Mitarbeiter Prüfung vor Anprobe, Wartung";"möglich";"mittel";"Innerhalb des definierten Akzeptanzniveaus";"Das Restrisiko für spontane Weichteilschädigungen muss akzeptiert werden, da andernfalls keine Versorgung erfolgen kann.";
"8 Gefährdungen infolge von Herstellungsfehlern 8.3 Fehlerhafte herstellungsbegleitende Prüfungen";"ja";"Schaft proximal zu eng";"Scheuerstellen am proximalen medialen Rand";"möglich";"hoch";"Überschreitet das definierte Akzeptanzniveau";"Systematische Maß- und Abformtechnik";"möglich";"mittel";"Innerhalb des definierten Akzeptanzniveaus";"Das Restrisiko für spontane Weichteilschädigungen muss akzeptiert werden, da andernfalls keine Versorgung erfolgen kann.";"Hinweis in GA: Verhalten bei Stumpfschwankungen"
"8 Gefährdungen infolge von Herstellungsfehlern 8.3 Fehlerhafte herstellungsbegleitende Prüfungen";"ja";"Schaft zu eng";"Durchblutungsstörung, Stauungsgefahr";"möglich";"besonders hoch";"Überschreitet das definierte Akzeptanzniveau";"Systematische Maß- und Abformtechnik, Anprobe durch qualifizierte Mitarbeiter";"möglich";"mittel";"Innerhalb des definierten Akzeptanzniveaus";"Das Restrisiko für spontane Weichteilschädigungen muss akzeptiert werden, da andernfalls keine Versorgung erfolgen kann.";
"8 Gefährdungen infolge von Herstellungsfehlern 8.3 Fehlerhafte herstellungsbegleitende Prüfungen";"ja";"Scharfe Kanten am Prothesenschaft; Unsachgemäße Behandlung mit scharfkantigen Gegenständen, falsche Größe";"Übermäßiger Verschleiß von Linersystemen; Beschädigung der Kleidung durch die Prothese, Scheuerstellen am proximalen Rand";"möglich";"hoch";"Überschreitet das definierte Akzeptanzniveau";"Qualitätskontrollen im Fertigungsprozess; Aufklärung und Unterweisung der Patienten, Kontrolle der Maße am Stumpf";"möglich";"mittel";"Innerhalb des definierten Akzeptanzniveaus";"Das Restrisiko für spontane Weichteilschädigungen muss akzeptiert werden, da andernfalls keine Versorgung erfolgen kann.";
"8 Gefährdungen infolge von Herstellungsfehlern 8.3 Fehlerhafte herstellungsbegleitende Prüfungen";"ja";"Stumpfstrumpf sitzt zu locker, falsche Strumpfgröße oder Form";"Hautschädigung durch Faltenwurf der Stumpfstrümpfe";"wahrscheinlich";"hoch";"Überschreitet das definierte Akzeptanzniveau";"Systematische Maß- und Abformtechnik, Anprobe durch qualifizierte Mitarbeiter, Strumpfgröße durch Mitarbeiter/in kontrollieren";"möglich";"mittel";"Innerhalb des definierten Akzeptanzniveaus";"Das Restrisiko einer Fehlnutzung muss akzeptiert werden, da andernfalls keine Versorgung erfolgen kann.";
"8 Gefährdungen infolge von Herstellungsfehlern 8.3 Fehlerhafte herstellungsbegleitende Prüfungen";"ja";"Ungenügende Verspreizung des Stumpfes, ungenügende Adduktionsstellung des Schaftes; Fuß steht zu weit medial";"In der mittleren Standphase weicht die Prothese proximal nach lateral aus";"möglich";"mittel";"Innerhalb des definierten Akzeptanzniveaus";"Systematische Zustandserhebung und Festlegung der Versorgung durch qualifizierte Mitarbeiter; Anprobe durch qualifizierte Mitarbeiter";"möglich";"mittel";"Innerhalb des definierten Akzeptanzniveaus";"Das Restrisiko einer generellen Sturzgefahr muss akzeptiert werden, da andernfalls keine Versorgung erfolgen kann.";
"8 Gefährdungen infolge von Herstellungsfehlern 8.4 Fehlerhafte Fertigung";"ja";"falsche Linerauswahl, falscher Linerzuschnitt";"Hautschädigung durch nicht passgerechten Liner";"sehr wahrscheinlich";"hoch";"Überschreitet das definierte Akzeptanzniveau";"Systematische Zustandserhebung und Festlegung der Versorgung durch qualifizierte Mitarbeiter; Anprobe durch qualifizierte Mitarbeiter";"möglich";"mittel";"Innerhalb des definierten Akzeptanzniveaus";"Das Restrisiko für spontane Weichteilschädigungen muss akzeptiert werden, da andernfalls keine Versorgung erfolgen kann.";
"8 Gefährdungen infolge von Herstellungsfehlern 8.4 Fehlerhafte Fertigung";"ja";"Kontaktschaftventilgehäuse wird beim Herausziehen der Anziehhilfe aus dem flexiblen Innenschaft gerissen. Verarbeitungsfehler bei der Herstellung des Innenschafts oder des Außenschafts, Alterung des Materials.";"Sturzgefahr wegen Verlust der Prothese";"möglich";"besonders hoch";"Überschreitet das definierte Akzeptanzniveau";"Prüfung vor Anprobe; Arbeitsanweisung für die Mitarbeiter";"möglich";"mittel";"Innerhalb des definierten Akzeptanzniveaus";"Das Restrisiko einer generellen Sturzgefahr muss akzeptiert werden, da andernfalls keine Versorgung erfolgen kann.";
"8 Gefährdungen infolge von Herstellungsfehlern 8.4 Fehlerhafte Fertigung";"ja";"Nach Justierung sind nicht alle in einer Ebene wirkenden Schrauben ausreichend festgezogen worden";"Sturzgefahr durch Unbeabsichtigtes Lösen von Verbindungsschrauben";"möglich";"besonders hoch";"Überschreitet das definierte Akzeptanzniveau";"Schrauben mit dem vom Hersteller angegebenen Drehmoment festziehen und mit Sicherungslack z.B. Loctite sichern";"möglich";"mittel";"Innerhalb des definierten Akzeptanzniveaus";"Das Restrisiko einer generellen Sturzgefahr muss akzeptiert werden, da andernfalls keine Versorgung erfolgen kann.";
"8 Gefährdungen infolge von Herstellungsfehlern 8.4 Fehlerhafte Fertigung";"ja";"unsystematische Formgebung oder Volumenbestimmung";"Druckstellen an knöchernen Prominenzen";"möglich";"besonders hoch";"Überschreitet das definierte Akzeptanzniveau";"Exakte Abformtechnik, Anprobe durch qualifizierte Mitarbeiter";"möglich";"mittel";"Innerhalb des definierten Akzeptanzniveaus";"Das Restrisiko für spontane Weichteilschädigungen muss akzeptiert werden, da andernfalls keine Versorgung erfolgen kann.";
"8 Gefährdungen infolge von Herstellungsfehlern 8.4 Fehlerhafte Fertigung";"ja";"Verarbeitungsfehler beim Nachmodellieren + Giessen";"Mangelnde Passform des Schaftes";"möglich";"hoch";"Überschreitet das definierte Akzeptanzniveau";"Mitarbeiterschulung";"möglich";"mittel";"Innerhalb des definierten Akzeptanzniveaus";"Das Restrisiko für spontane Weichteilschädigungen muss akzeptiert werden, da andernfalls keine Versorgung erfolgen kann.";
"8 Gefährdungen infolge von Herstellungsfehlern 8.5 Fehlerhafte Endprüfung";"ja";"Achsfriktion zu stark eingestellt oder durch Abrieb stärkere Reibung entstanden";"Sturzgefahr durch Unbeabsichtigtes Einbeugen des Prothesenkniegelenks beim Anziehen der Prothese";"möglich";"besonders hoch";"Überschreitet das definierte Akzeptanzniveau";"Funktionsprüfung vor Abgabe, bei Wartung überprüfen";"möglich";"mittel";"Innerhalb des definierten Akzeptanzniveaus";"Das Restrisiko einer generellen Sturzgefahr muss akzeptiert werden, da andernfalls keine Versorgung erfolgen kann.";"Hinweis in GA: Inspektion / Wartung"
"8 Gefährdungen infolge von Herstellungsfehlern 8.5 Fehlerhafte Endprüfung";"ja";"Befestigungsnieten zu dicht am Gurtende, Verschleiß, Verschlusssystem oder Ventil nicht korrekt montiert";"Sturzgefahr durch Aus- oder Abriss von Verschlussgurten, Sturzgefahr durch Fehlfunktion des distalen Verschluss- oder Einzugsystems; Undichtigkeit des Schaftes dadurch Sturzgefahr wegen Verlust der Prothese";"möglich";"besonders hoch";"Überschreitet das definierte Akzeptanzniveau";"Prüfung vor Anprobe";"möglich";"mittel";"Innerhalb des definierten Akzeptanzniveaus";"Das Restrisiko einer generellen Sturzgefahr muss akzeptiert werden, da andernfalls keine Versorgung erfolgen kann.";"Hinweis in GA: Inspektion / Wartung"
"8 Gefährdungen infolge von Herstellungsfehlern 8.5 Fehlerhafte Endprüfung";"ja";"Einklemmen von Schamhaaren während des täglichen Gebrauchs. Feine Bewegung zwischen flexiblen Innenschaft und Container. ";"Haarwurzelreizung";"möglich";"hoch";"Überschreitet das definierte Akzeptanzniveau";"Abdeckung von konstruktiv bedingten Spalten, Kürzen des Containers";"möglich";"mittel";"Innerhalb des definierten Akzeptanzniveaus";"Das Restrisiko für spontane Weichteilschädigungen muss akzeptiert werden, da andernfalls keine Versorgung erfolgen kann.";
"8 Gefährdungen infolge von Herstellungsfehlern 8.5 Fehlerhafte Endprüfung";"ja";"Entriegelungshebel oder -zug verklemmt";"Sturzgefahr, weil Sperre nicht einrastet";"möglich";"besonders hoch";"Überschreitet das definierte Akzeptanzniveau";"Funktionsprüfung vor Abgabe";"möglich";"mittel";"Innerhalb des definierten Akzeptanzniveaus";"Das Restrisiko einer generellen Sturzgefahr muss akzeptiert werden, da andernfalls keine Versorgung erfolgen kann.";"Hinweis in GA: Inspektion / Wartung"
"8 Gefährdungen infolge von Herstellungsfehlern 8.5 Fehlerhafte Endprüfung";"ja";"Faltenbildung im Innenschaft";"Druckstellen am Stumpf";"möglich";"hoch";"Überschreitet das definierte Akzeptanzniveau";"Kontrolle der Stumpfmaße durch qualifizierte Mitarbeiter";"möglich";"mittel";"Innerhalb des definierten Akzeptanzniveaus";"Das Restrisiko für spontane Weichteilschädigungen muss akzeptiert werden, da andernfalls keine Versorgung erfolgen kann.";
"8 Gefährdungen infolge von Herstellungsfehlern 8.5 Fehlerhafte Endprüfung";"ja";"Harte oder scharfkantige Schaftränder";"Beschädigung der Kleidung durch die Prothese";"möglich";"mittel";"Innerhalb des definierten Akzeptanzniveaus";"Prüfung vor Anprobe";"möglich";"mittel";"Innerhalb des definierten Akzeptanzniveaus";"Das Restrisiko für spontane Schädigungen der Kleidung muss akzeptiert werden, da andernfalls keine Versorgung erfolgen kann.";"Hinweis in GA: Inspektion / Wartung"
"8 Gefährdungen infolge von Herstellungsfehlern 8.5 Fehlerhafte Endprüfung";"ja";"Kosmetik sitzt zu lose auf dem Schaft, Kosmetikbefestigung nicht vorhanden oder defekt, der Kosmetiksitz ist zu kurz";"Einklemmgefährdung durch Rutschen der Kosmetik nach distal, Sturzgefahr weil Kniegelenkfunktionen eingeschränkt werden";"möglich";"besonders hoch";"Überschreitet das definierte Akzeptanzniveau";"Prüfung vor Anprobe";"möglich";"mittel";"Innerhalb des definierten Akzeptanzniveaus";"Das Restrisiko einer generellen Sturzgefahr muss akzeptiert werden, da andernfalls keine Versorgung erfolgen kann.";"Hinweis in GA: Inspektion / Wartung"
"8 Gefährdungen infolge von Herstellungsfehlern 8.5 Fehlerhafte Endprüfung";"ja";"Kosmetikstrumpf zu klein und oder zu straff nach proximal gezogen";"Sturzgefahr durch Unbeabsichtigtes Einbeugen des Prothesenkniegelenks beim Anziehen der Prothese";"möglich";"besonders hoch";"Überschreitet das definierte Akzeptanzniveau";"Anprobe durch qualifizierte Mitarbeiter, Unterweisung der Patienten bei Selbstwechsel der Strümpfe";"möglich";"mittel";"Innerhalb des definierten Akzeptanzniveaus";"Das Restrisiko einer generellen Sturzgefahr muss akzeptiert werden, da andernfalls keine Versorgung erfolgen kann.";
"8 Gefährdungen infolge von Herstellungsfehlern 8.5 Fehlerhafte Endprüfung";"ja";"Mangelnder Stumpfendkontakt";"Vermehrte Schweißbildung, Ödembildung";"wahrscheinlich";"hoch";"Überschreitet das definierte Akzeptanzniveau";"Systematische Zustandserhebung und Anprobe durch qualifizierte Mitarbeiter";"möglich";"mittel";"Innerhalb des definierten Akzeptanzniveaus";"Das Restrisiko für spontane Weichteilschädigungen muss akzeptiert werden, da andernfalls keine Versorgung erfolgen kann.";
"8 Gefährdungen infolge von Herstellungsfehlern 8.6 Fehlerhafte Produktfreigabe";"ja";;"Funktionsverlust, Schädigung des Patienten";"möglich";"hoch";"Überschreitet das definierte Akzeptanzniveau";"Abnahme durch qualifizierte Mitarbeiter";"unwahrscheinlich";"hoch";"Innerhalb des definierten Akzeptanzniveaus";"Das Restrisiko einer generellen Sturzgefahr muss akzeptiert werden, da andernfalls keine Versorgung erfolgen kann.";
"8 Gefährdungen infolge von Herstellungsfehlern 8.6 Fehlerhafte Produktfreigabe";"ja";"Mangel bei Endkontrolle übersehen";"Druckstellen/ mangelnde Korrektur/Passform";"möglich";"besonders hoch";"Überschreitet das definierte Akzeptanzniveau";"Qualitätskontrolle durch qualifizierte Mitarbeiter, Mitarbeitereinweisung";"unwahrscheinlich";"hoch";"Innerhalb des definierten Akzeptanzniveaus";"Das Restrisiko einer insuffizienten Versorgung oder Funktionsreduktion muss akzeptiert werden, da andernfalls keine Versorgung erfolgen kann.";
"8 Gefährdungen infolge von Herstellungsfehlern 8.6 Fehlerhafte Produktfreigabe";"ja";"Mangelhafte Prüfung der Produktkonformität";"Funktionsverlust, Schädigung des Patienten";"möglich";"hoch";"Überschreitet das definierte Akzeptanzniveau";"Abnahme durch qualifizierte Mitarbeiter";"unwahrscheinlich";"hoch";"Innerhalb des definierten Akzeptanzniveaus";"Das Restrisiko einer insuffizienten Versorgung oder Funktionsreduktion muss akzeptiert werden, da andernfalls keine Versorgung erfolgen kann.";
"8 Gefährdungen infolge von Herstellungsfehlern 8.6 Fehlerhafte Produktfreigabe";"ja";"unzureichende Einweisung des Anwenders";"Verlust des medizinischen / therapeutischen Nutzens; Verschlechterung des Zustands der Patienten";"wahrscheinlich";"besonders hoch";"Überschreitet das definierte Akzeptanzniveau";"Abgabe durch qualifizierte Mitarbeiter";"möglich";"niedrig";"Innerhalb des definierten Akzeptanzniveaus";"Das Restrisiko einer insuffizienten Versorgung oder Funktionsreduktion muss akzeptiert werden, da andernfalls keine Versorgung erfolgen kann.";
"dgihv0";"ja";"Arretierungsstift zu kurz; Verschlusssystem defekt";"Sturzgefahr durch Distales Verschlusssystem greift nicht";"möglich";"besonders hoch";"Überschreitet das definierte Akzeptanzniveau";"Prothesengebrauchsschulung, Unterweisung der Patienten und Helfern. Kontrolle durch qualifizierte Mitarbeiter.";"möglich";"mittel";"Innerhalb des definierten Akzeptanzniveaus";"Ist das Versorgungskonzept auf Basis der Erhebung festgelegt, stellen andere Anbindungskonzepte eine Verschlechterung der Versorgungssituation dar und gefährden damit den Versorgungserfolg.";"Hinweis in GA: Handhabung / Funktion"
