"Prothetik obere Extremität";"Risiko";"Gültigkeit am 2025-10-18 19:04:59";;;;;;;;;;
;;;;;;;;;;;;
"Risikobezug";"Relevant";"Ursache";"Wirkung";"Wahrscheinlichkeit";"Schaden";"Akzeptanzlevel";"Maßnahme";"Wahrscheinlichkeit nach Maßnahme";"Schaden nach Maßnahme";"Akzeptanzlevel danach";"Risiko-Nutzen-Abwägung";"Verbleibende Maßnahmen sofern zutreffend"
"1 Gefährdungen durch Energien 1.3 mechanische Kräfte";"ja";"Materialverschleiß, Überlastung, unsachgemäße Anwendung";"Hautschädigung durch Materialermüdung, Bruch der Prothese";"sehr wahrscheinlich";"hoch";"Überschreitet das definierte Akzeptanzniveau";"Systematische Zustandserhebung und Festlegung der Versorgung durch qualifizierte Mitarbeiter; Herstellerrichtlinien einhalten; Verwendung von freigegebenen Komponentenkombinationen; Anprobe durch qualifizierte Mitarbeiter";"unwahrscheinlich";"hoch";"Innerhalb des definierten Akzeptanzniveaus";"Das Restrisiko einer Fehlnutzung muss akzeptiert werden, da andernfalls keine Versorgung erfolgen kann.";"Hinweis in GA: Bestimmungsgemäßer Gebrauch, Einsatz- und Belastungsgrenzen, Inspektion / Wartung"
"1 Gefährdungen durch Energien 1.6 bewegte Teile";"ja";"Unbeabsichtigte Bewegung";"Einklemmen von Körperteilen";"möglich";"hoch";"Überschreitet das definierte Akzeptanzniveau";"Unterweisung der Patienten durch qualifizierte Mitarbeiter";"möglich";"mittel";"Innerhalb des definierten Akzeptanzniveaus";"Das Restrisiko für spontane Weichteilschädigungen muss akzeptiert werden, da andernfalls keine Versorgung erfolgen kann.";"Hinweis in GA: Risiken"
"1 Gefährdungen durch Energien 1.7 unbeabsichtigte Bewegungen";"ja";"Unbeabsichtigte Bewegung";"Einklemmen von Körperteilen";"möglich";"hoch";"Überschreitet das definierte Akzeptanzniveau";"Systematische Zustandserhebung und Festlegung der Versorgung durch qualifizierte Mitarbeiter; Anprobe durch qualifizierte Mitarbeiter";"möglich";"mittel";"Innerhalb des definierten Akzeptanzniveaus";"Das Restrisiko eines Griffkraftverlustes oder einer Fehlsteuerung muss akzeptiert werden, da andernfalls keine Versorgung erfolgen kann.";
"2 Biologische Gefährdungen 2.10 erneute und/oder Kreuzinfektion
8 Gefährdungen infolge von Herstellungsfehlern 8.4 Fehlerhafte Fertigung";"ja";"Mangelnde Sorgfalt im OT-Betrieb";"Infektionen, Hautschädigung, Reizung, Unverträglichkeit, Sensibilisierung";"möglich";"hoch";"Überschreitet das definierte Akzeptanzniveau";"Maßnahmen laut QM-Handbuch: Sauberkeit und Hygiene, Mitarbeiterschulung intern";"unwahrscheinlich";"hoch";"Innerhalb des definierten Akzeptanzniveaus";"Das Restrisiko für spontane Weichteilschädigungen muss akzeptiert werden, da andernfalls keine Versorgung erfolgen kann.";
"2 Biologische Gefährdungen 2.11 Pyrogenität
3 Gefährdungen durch die Umwelt 3.6 Lagerung oder Betrieb außerhalb der vorgeschriebenen Umweltbedingungen
3 Gefährdungen durch die Umwelt 3.11 Entflammbarkeit";"ja";"Lagerung an Hitzequellen; Mangelnde Sicherheit bei Umgang mit offenem Feuer oder Hitzequelle, Lagerung oder Betrieb außerhalb der Spezifikation";"Verlust der Passform und des Hilfsmittels, Funktionsstörung; Verbrennungen und Vergiftungen durch Verbrennungsprodukte";"möglich";"hoch";"Überschreitet das definierte Akzeptanzniveau";"Unterweisung der Patienten durch qualifizierte Mitarbeiter";"unwahrscheinlich";"niedrig";"Innerhalb des definierten Akzeptanzniveaus";"Das Restrisiko einer Fehlnutzung muss akzeptiert werden, da andernfalls keine Versorgung erfolgen kann.";"Hinweis in GA: Einsatz- und Belastungsgrenzen"
"2 Biologische Gefährdungen 2.12 Unfähigkeit, die hygienische Sicherheit aufrechtzuerhalten
2 Biologische Gefährdungen 2.5 Allergenität";"ja";"Mangelnde Stumpfpflege, mangelnde Reinigung der Prothese";"Hautschädigung, Reizung, Unverträglichkeit, Sensibilisierung, Infektionen";"sehr wahrscheinlich";"besonders hoch";"Überschreitet das definierte Akzeptanzniveau";"Systematische Zustandserhebung und Festlegung der Versorgung durch qualifizierte Mitarbeiter";"unwahrscheinlich";"hoch";"Innerhalb des definierten Akzeptanzniveaus";"Das Restrisiko für spontane Weichteilschädigungen muss akzeptiert werden, da andernfalls keine Versorgung erfolgen kann.";"Hinweis in GA: Stumpfbehandlung, Stumpfhygiene, Reinigung / Desinfektion"
"2 Biologische Gefährdungen 2.13 Abbau des Werkstoffs
3 Gefährdungen durch die Umwelt 3.10 unzureichende Beständigkeit gegen Schweiß";"ja";"Materialverschleiß, Materialzersetzung";"Hautschädigung durch Materialermüdung, Bruch der Prothese, Sturzgefahr durch unzureichende elektronische oder mechanische Funktionalität";"sehr wahrscheinlich";"besonders hoch";"Überschreitet das definierte Akzeptanzniveau";"Systematische Zustandserhebung und Festlegung der Versorgung durch qualifizierte Mitarbeiter; Herstellerrichtlinien einhalten";"unwahrscheinlich";"hoch";"Innerhalb des definierten Akzeptanzniveaus";"Das Restrisiko für spontane Weichteilschädigungen und generelle Sturzgefahr muss akzeptiert werden, da andernfalls keine Versorgung erfolgen kann.";"Hinweis in GA: Bestimmungsgemäßer Gebrauch, Einsatz- und Belastungsgrenzen, Inspektion / Wartung"
"2 Biologische Gefährdungen 2.2 biologische Unverträglichkeit";"ja";"Infektion und mikrobiologische Verseuchung durch Kontakt mit Leder auf verletzter Haut";"Reizung, Unverträglichkeit, Sensibilisierung, Infektion";"möglich";"hoch";"Überschreitet das definierte Akzeptanzniveau";"Systematische Zustandserhebung und Festlegung der Versorgung durch qualifizierte Mitarbeiter; Verwendung von geeigneten Materialien gemäß Risikomanagement";"unwahrscheinlich";"hoch";"Innerhalb des definierten Akzeptanzniveaus";"Das Restrisiko für spontane Weichteilschädigungen muss akzeptiert werden, da andernfalls keine Versorgung erfolgen kann.";"Hinweis in GA: Maßnahmen bei verletzter Haut"
"2 Biologische Gefährdungen 2.2 biologische Unverträglichkeit";"ja";"Vermehrte Schweißbildung";"Verlust des Hilfsmittels";"wahrscheinlich";"niedrig";"Innerhalb des definierten Akzeptanzniveaus";"Systematische Zustandserhebung und Festlegung der Versorgung durch qualifizierte Mitarbeiter";"wahrscheinlich";"niedrig";"Innerhalb des definierten Akzeptanzniveaus";"Das Restrisiko eines Verlustes oder einer Fehlsteuerung muss akzeptiert werden, da andernfalls keine Versorgung erfolgen kann.";
"2 Biologische Gefährdungen 2.2 biologische Unverträglichkeit
2 Biologische Gefährdungen 2.4 Toxizität
2 Biologische Gefährdungen 2.5 Allergenität
2 Biologische Gefährdungen 2.6 Mutagenität
2 Biologische Gefährdungen 2.7 Onkogenität
2 Biologische Gefährdungen 2.8 Teratogenität
2 Biologische Gefährdungen 2.9 Karzinogenität";"ja";"Ggf. ungeeignete Materialauswahl";"Vermehrte Schweißbildung, Hautschädigung, Reizung, Unverträglichkeit, Sensibilisierung, biologische Veränderungen";"möglich";"hoch";"Überschreitet das definierte Akzeptanzniveau";"Systematische Zustandserhebung und Festlegung der Versorgung durch qualifizierte Mitarbeiter; Verwendung von geeigneten Materialien gemäß Risikomanagement";"unwahrscheinlich";"hoch";"Innerhalb des definierten Akzeptanzniveaus";"Das Restrisiko für spontane Weichteilschädigungen muss akzeptiert werden, da andernfalls keine Versorgung erfolgen kann.";
"2 Biologische Gefährdungen 2.3 unrichtige Rezeptur (chemische Zusammensetzung)";"ja";"Fehler bei Mischverhältnissen z.B. von Kunstharzen";"biologische Veränderungen";"möglich";"besonders hoch";"Überschreitet das definierte Akzeptanzniveau";"Anwendung technischer Informationen; Festlegung des Herstellungsprozesses durch qualifizierte Mitarbeiter; Verwendung von geeigneten Materialien gemäß Risikomanagement";"unwahrscheinlich";"hoch";"Innerhalb des definierten Akzeptanzniveaus";"Das Restrisiko für spontane Weichteilschädigungen muss akzeptiert werden, da andernfalls keine Versorgung erfolgen kann.";
"2 Biologische Gefährdungen 2.5 Allergenität";"ja";"Verschmutzung des Schaftes durch Füllungsdefekte im Schaft / Luftblasen";"Hautschädigung, Reizung, Unverträglichkeit, Sensibilisierung, Allergien";"möglich";"hoch";"Überschreitet das definierte Akzeptanzniveau";"Systematische Zustandserhebung und Festlegung der Versorgung durch qualifizierte Mitarbeiter; Verwendung von geeigneten Materialien gemäß Risikomanagement";"unwahrscheinlich";"mittel";"Innerhalb des definierten Akzeptanzniveaus";"Das Restrisiko für spontane Weichteilschädigungen muss akzeptiert werden, da andernfalls keine Versorgung erfolgen kann.";
"3 Gefährdungen durch die Umwelt 3.2 Empfindlichkeit gegen elektromagnetische Störfelder";"ja";"Auslösen von Bewegungen an elektrischen Greifkomponenten aufgrund hoher elektromagnetischer Einflüsse";"Fehlfunktionen der Prothesenhand";"möglich";"hoch";"Überschreitet das definierte Akzeptanzniveau";"Prüfung der Abschirmung";"unwahrscheinlich";"hoch";"Innerhalb des definierten Akzeptanzniveaus";"Das Restrisiko eines Verlustes oder einer Fehlsteuerung muss akzeptiert werden, da andernfalls keine Versorgung erfolgen kann.";"Hinweis in GA: Verhalten bei erhöhten elektromagnetischen Einflüssen"
"3 Gefährdungen durch die Umwelt 3.2 Empfindlichkeit gegen elektromagnetische Störfelder";"ja";"Unbeabsichtigte Bewegung";"Einklemmen von Körperteilen";"möglich";"hoch";"Überschreitet das definierte Akzeptanzniveau";"Systematische Zustandserhebung und Festlegung der Versorgung durch qualifizierte Mitarbeiter; Anprobe durch qualifizierte Mitarbeiter, Nutzung von geschirmten Komponenten, Abschirmung von steuerungsrelevanten Kabelverbindungen";"möglich";"mittel";"Innerhalb des definierten Akzeptanzniveaus";"Das Restrisiko eines Verlustes oder einer Fehlsteuerung muss akzeptiert werden, da andernfalls keine Versorgung erfolgen kann.";
"3 Gefährdungen durch die Umwelt 3.4 unzureichende Energieversorgung";"ja";"Funktionsverlust der Akkumulatoren, Entladung, Materialverschleiß, Materialzersetzung";"Verletzung durch nicht sicher gefasste Gegenstände";"wahrscheinlich";"hoch";"Überschreitet das definierte Akzeptanzniveau";"Unterweisung der Patienten durch qualifizierte Mitarbeiter";"unwahrscheinlich";"hoch";"Innerhalb des definierten Akzeptanzniveaus";"Das Restrisiko eines Verlustes oder einer Fehlsteuerung muss akzeptiert werden, da andernfalls keine Versorgung erfolgen kann.";"Hinweis in GA: Einsatz- und Belastungsgrenzen, Handhabung / Funktionsweise, Inspektion / Wartung"
"3 Gefährdungen durch die Umwelt 3.9 unzureichende Beständigkeit gegen Reinigungs- und Desinfektionsmittel";"ja";"Kontakt mit ungeeigneten Reinigungsmitteln";"Hautschädigung durch Materialermüdung, Defekt";"möglich";"hoch";"Überschreitet das definierte Akzeptanzniveau";"Systematische Zustandserhebung und Festlegung der Versorgung durch qualifizierte Mitarbeiter; Unterweisung der Patienten durch qualifizierte Mitarbeiter";"unwahrscheinlich";"hoch";"Innerhalb des definierten Akzeptanzniveaus";"Das Restrisiko einer Fehlnutzung muss akzeptiert werden, da andernfalls keine Versorgung erfolgen kann.";"Hinweis in GA: Reinigungshinweise"
"5 Gefährdungen im Zusammenhang mit der Anwendung des Medizinprodukts 5.1 mangelhafte Kennzeichnung";"ja";"unzureichende Befestigung der Sonderanfertigungskennzeichnung";"keine Rückverfolgbarkeit";"möglich";"besonders hoch";"Überschreitet das definierte Akzeptanzniveau";"ausreichende Kennzeichnung durch qualifizierte Mitarbeiter";"möglich";"niedrig";"Innerhalb des definierten Akzeptanzniveaus";"Das Restrisiko einer Fehlnutzung muss akzeptiert werden, da andernfalls keine Versorgung erfolgen kann.";
"5 Gefährdungen im Zusammenhang mit der Anwendung des Medizinprodukts 5.10 lose Verbindung";"ja";"Arretierungsstift zu kurz; Verschlusssystem defekt";"Ruschen und Verdrehen der Prothese, Verschlusssystem fixiert nicht";"möglich";"hoch";"Überschreitet das definierte Akzeptanzniveau";"Prothesengebrauchsschulung, Unterweisung der Patienten und Helfern. Kontrolle durch qualifizierte Mitarbeiter.";"möglich";"mittel";"Innerhalb des definierten Akzeptanzniveaus";"Ist das Versorgungskonzept auf Basis der Erhebung festgelegt, stellen andere Anbindungskonzepte eine Verschlechterung der Versorgungssituation dar und gefährden damit den Versorgungserfolg.";"Hinweis in GA: Handhabung / Funktion"
"5 Gefährdungen im Zusammenhang mit der Anwendung des Medizinprodukts 5.12 fehlerhafte mechanische Verbindung";"ja";"Lösen mechanischer Verbindungen, z.b. Lineranschluss";"Verletzung durch nicht sicher gefasste Gegenstände";"möglich";"hoch";"Überschreitet das definierte Akzeptanzniveau";"Anwendung technischer Informationen; Festlegung des Herstellungsprozesses durch qualifizierte Mitarbeiter";"unwahrscheinlich";"hoch";"Innerhalb des definierten Akzeptanzniveaus";"Das Restrisiko eines Verlustes oder einer Fehlsteuerung muss akzeptiert werden, da andernfalls keine Versorgung erfolgen kann.";"Hinweis in GA: Belastungsgrenzen"
"5 Gefährdungen im Zusammenhang mit der Anwendung des Medizinprodukts 5.18 scharfe Kanten und Ecken
8 Gefährdungen infolge von Herstellungsfehlern 8.3 Fehlerhafte herstellungsbegleitende Prüfungen";"ja";"Ungenügende Randbearbeitung (zu rau, zu dünn, zu scharfkantig); ggf. Defekt";"Hautschädigung durch Kantendruck";"möglich";"hoch";"Überschreitet das definierte Akzeptanzniveau";"Materialauswahl durch qualifizierte Mitarbeiter; Prüfung vor der Anprobe";"unwahrscheinlich";"hoch";"Innerhalb des definierten Akzeptanzniveaus";"Das Restrisiko für spontane Weichteilschädigungen muss akzeptiert werden, da andernfalls keine Versorgung erfolgen kann.";"Hinweis in GA: Melden von Problemen, Inspektion / Wartung"
"5 Gefährdungen im Zusammenhang mit der Anwendung des Medizinprodukts 5.3 unzureichender Spezifikationen von Zubehör, das mit dem Medizinprodukt anzuwenden ist
5 Gefährdungen im Zusammenhang mit der Anwendung des Medizinprodukts 5.17 Unverträglichkeit mit Verbrauchsmaterialien / Zubehörteilen anderer Medizinprodukte";"ja";"z.B. Verwendung eines falschen Ladegeräts";"Funktionsverlust, Kurzschluss, Elektronikfehler";"sehr wahrscheinlich";"besonders hoch";"Überschreitet das definierte Akzeptanzniveau";"Systematische Zustandserhebung und Festlegung der Versorgung; Herstellerrichtlinien einhalten; Verwendung von freigegebenen Komponentenkombinationen; Unterweisung der Patienten durch qualifizierte Mitarbeiter";"unwahrscheinlich";"hoch";"Innerhalb des definierten Akzeptanzniveaus";"Das Restrisiko einer Fehlnutzung muss akzeptiert werden, da andernfalls keine Versorgung erfolgen kann.";"Hinweis in GA: zu verwendendes Zubehör"
"5 Gefährdungen im Zusammenhang mit der Anwendung des Medizinprodukts 5.4 unzureichende Prüfung der Spezifikation vor der Anwendung";"ja";"Schaft zu weit, Stumpfschwankungen";"Verlust des Hilfsmittels";"möglich";"niedrig";"Innerhalb des definierten Akzeptanzniveaus";"Systematische Zustandserhebung und Festlegung der Versorgung durch qualifizierte Mitarbeiter; Systematische Abformtechnik; Anprobe durch qualifizierte Mitarbeiter";"möglich";"niedrig";"Innerhalb des definierten Akzeptanzniveaus";"Das Restrisiko eines Verlustes oder einer Fehlsteuerung muss akzeptiert werden, da andernfalls keine Versorgung erfolgen kann.";"Hinweis in GA: Melden von Problemen, Inspektion / Wartung"
"5 Gefährdungen im Zusammenhang mit der Anwendung des Medizinprodukts 5.4 unzureichende Prüfung der Spezifikation vor der Anwendung";"ja";"Sehr weiches Gewebe; sehr lange Körperhaare oder Schaftendbereich zu eng";"Einklemmen der Haut oder Körperhaaren am Ventil beim Anziehen";"wahrscheinlich";"hoch";"Überschreitet das definierte Akzeptanzniveau";"Systematische Maßtechnik; Verwendung anderer Stumpfstrümpfe; Anprobe durch qualifizierte Mitarbeiter, ggf. Haare im Bereich des Ventils kürzen, Ventilkonzept ändern!";"möglich";"mittel";"Innerhalb des definierten Akzeptanzniveaus";"Das Restrisiko für spontane Weichteilschädigungen muss akzeptiert werden, da andernfalls keine Versorgung erfolgen kann.";
"5 Gefährdungen im Zusammenhang mit der Anwendung des Medizinprodukts 5.4 unzureichende Prüfung der Spezifikation vor der Anwendung";"ja";"Stumpf nicht mit Stumpfstrumpf geschützt, Volumen nicht korrekt,Morphologieänderungen ohne Volumenabnahme";"Hautschädigung durch Reibung";"wahrscheinlich";"hoch";"Überschreitet das definierte Akzeptanzniveau";"Anprobe durch qualifizierte Mitarbeiter, Volumenkontrolle und ggf. Nachpassung auch durch Strümpfe oder Polster";"möglich";"mittel";"Innerhalb des definierten Akzeptanzniveaus";"Das Restrisiko für spontane Weichteilschädigungen muss akzeptiert werden, da andernfalls keine Versorgung erfolgen kann.";
"5 Gefährdungen im Zusammenhang mit der Anwendung des Medizinprodukts 5.4 unzureichende Prüfung der Spezifikation vor der Anwendung";"ja";"Stumpfschwankungen, mangelnde Compliance des Kunden, Stumpfvolumenabnahme oder Stumpfvolumenzunahm";"Hautschädigung durch unkorrekte Position des Stumpfs im Prothesenschaft";"wahrscheinlich";"hoch";"Überschreitet das definierte Akzeptanzniveau";"Ausführliche Einweisung ggf. Hilfsmarkierung an der Prothese. Zustandserhebung /Anamnese";"möglich";"mittel";"Innerhalb des definierten Akzeptanzniveaus";"Das Restrisiko für spontane Weichteilschädigungen muss akzeptiert werden, da andernfalls keine Versorgung erfolgen kann.";"Hinweis in GA: Verhalten bei Stumpfschwankungen"
"5 Gefährdungen im Zusammenhang mit der Anwendung des Medizinprodukts 5.4 unzureichende Prüfung der Spezifikation vor der Anwendung";"ja";"Volumen oder Paßform nicht korrekt; Compliance des Patienten";"Prothese verdreht oder rutscht vom Stumpf; Funktionsverlust der Prothese durch unkorrekte Position zwischen Stumpf und Prothesenschaft";"möglich";"hoch";"Überschreitet das definierte Akzeptanzniveau";"Systematische Zustandserhebung und Festlegung der Versorgung durch qualifizierte Mitarbeiter, erneute Einweisung des Patienten in die Funktion";"möglich";"mittel";"Innerhalb des definierten Akzeptanzniveaus";"Das Restrisiko eines Verlustes oder einer Fehlsteuerung muss akzeptiert werden, da andernfalls keine Versorgung erfolgen kann.";
"5 Gefährdungen im Zusammenhang mit der Anwendung des Medizinprodukts 5.4 unzureichende Prüfung der Spezifikation vor der Anwendung
5 Gefährdungen im Zusammenhang mit der Anwendung des Medizinprodukts 5.8 begründet voraussehbarer Missbrauch";"ja";"Kontakt mit Wasser, Salzwasser, Säuren";"Hautschädigung durch Materialermüdung, Defekt";"sehr wahrscheinlich";"besonders hoch";"Überschreitet das definierte Akzeptanzniveau";"Systematische Zustandserhebung und Festlegung der Versorgung durch qualifizierte Mitarbeiter";"unwahrscheinlich";"hoch";"Innerhalb des definierten Akzeptanzniveaus";"Das Restrisiko einer Fehlnutzung muss akzeptiert werden, da andernfalls keine Versorgung erfolgen kann.";"Hinweis in GA: Einsatz- und Belastungsgrenzen"
"5 Gefährdungen im Zusammenhang mit der Anwendung des Medizinprodukts 5.4 unzureichende Prüfung der Spezifikation vor der Anwendung
8 Gefährdungen infolge von Herstellungsfehlern 8.3 Fehlerhafte herstellungsbegleitende Prüfungen";"ja";"Unzureichende Passform, Stumpfschwankungen";"Hautschädigung bei Benutzung durch Druckstellen";"möglich";"hoch";"Überschreitet das definierte Akzeptanzniveau";"Systematische Zustandserhebung und Festlegung der Versorgung durch qualifizierte Mitarbeiter; Systematische Abformtechnik; Anprobe durch qualifizierte Mitarbeiter";"unwahrscheinlich";"hoch";"Innerhalb des definierten Akzeptanzniveaus";"Das Restrisiko für spontane Weichteilschädigungen muss akzeptiert werden, da andernfalls keine Versorgung erfolgen kann.";"Hinweis in GA: Melden von Problemen, Inspektion / Wartung"
"5 Gefährdungen im Zusammenhang mit der Anwendung des Medizinprodukts 5.6 unzureichender Spezifikationen für Betrieb und Wartung";"ja";"Lösen mechanischer Verbindungen im Interims-/Testzustand";"Verletzung durch nicht sicher gefasste Gegenstände";"möglich";"hoch";"Überschreitet das definierte Akzeptanzniveau";"Unterweisung der Patienten durch qualifizierte Mitarbeiter, Sonderfreigabe zur Probe";"unwahrscheinlich";"hoch";"Innerhalb des definierten Akzeptanzniveaus";"Das Restrisiko eines Verlustes oder einer Fehlsteuerung muss akzeptiert werden, da andernfalls keine Versorgung erfolgen kann.";"Hinweis in GA: Einsatz- und Belastungsgrenzen"
"5 Gefährdungen im Zusammenhang mit der Anwendung des Medizinprodukts 5.7 Anwendung durch unausgebildetes/ungeübtes Personal";"ja";"falsche Anziehtechnik";"Einklemmen von Körperteilen";"sehr wahrscheinlich";"hoch";"Überschreitet das definierte Akzeptanzniveau";"Systematische Zustandserhebung und Festlegung der Versorgung durch qualifizierte Mitarbeiter; Anprobe durch qualifizierte Mitarbeiter; Unterweisung der Patienten und Betreuungspersonen; Aushändigung Gebrauchsanweisung";"möglich";"mittel";"Innerhalb des definierten Akzeptanzniveaus";"Das Restrisiko für spontane Weichteilschädigungen muss akzeptiert werden, da andernfalls keine Versorgung erfolgen kann.";
"5 Gefährdungen im Zusammenhang mit der Anwendung des Medizinprodukts 5.8 begründet voraussehbarer Missbrauch";"ja";"falsche Anziehtechnik";"Einklemmen von Körperteilen";"sehr wahrscheinlich";"hoch";"Überschreitet das definierte Akzeptanzniveau";"Systematische Zustandserhebung und Festlegung der Versorgung durch qualifizierte Mitarbeiter; Anprobe durch qualifizierte Mitarbeiter; Unterweisung der Patienten und Betreuungspersonen; Aushändigung Gebrauchsanweisung";"möglich";"mittel";"Innerhalb des definierten Akzeptanzniveaus";"Das Restrisiko für spontane Weichteilschädigungen muss akzeptiert werden, da andernfalls keine Versorgung erfolgen kann.";
"5 Gefährdungen im Zusammenhang mit der Anwendung des Medizinprodukts 5.9 unzureichende Festigkeit der Klemmverbindung";"ja";"Lösen mechanischer Verbindungen";"Verletzung durch nicht sicher gefasste Gegenstände";"möglich";"hoch";"Überschreitet das definierte Akzeptanzniveau";"Anwendung technischer Informationen; Festlegung des Herstellungsprozesses durch qualifizierte Mitarbeiter";"unwahrscheinlich";"hoch";"Innerhalb des definierten Akzeptanzniveaus";"Das Restrisiko eines Verlustes oder einer Fehlsteuerung muss akzeptiert werden, da andernfalls keine Versorgung erfolgen kann.";"Hinweis in GA: Belastungsgrenzen"
"6 Ungeeignete, unzulängliche oder zu komplizierte Schnittstelle mit dem Anwender 6.2 Lücken und Irrtümer der kognitiven Erinnerung";"ja";"Laden der Prothese in angezogenem Zustand";"Stromschlag, Verletzung der Hautoberfläche";"wahrscheinlich";"besonders hoch";"Überschreitet das definierte Akzeptanzniveau";"Unterweisung der Patienten durch qualifizierte Mitarbeiter";"unwahrscheinlich";"hoch";"Innerhalb des definierten Akzeptanzniveaus";"Das Restrisiko einer Fehlnutzung muss akzeptiert werden, da andernfalls keine Versorgung erfolgen kann.";"Hinweis in GA: Handhabung / Funktionsweise / Risiken"
"6 Ungeeignete, unzulängliche oder zu komplizierte Schnittstelle mit dem Anwender 6.2 Lücken und Irrtümer der kognitiven Erinnerung";"ja";"Ungeschicktes oder unkontrolliertes Ziehen an der Anziehhilfe";"Stumpf wird nicht korrekt in den Schaft eingezogen, Passformprobleme; Handverletzung";"wahrscheinlich";"hoch";"Überschreitet das definierte Akzeptanzniveau";"Prothesengebrauchsschulung, Unterweisung der Patienten";"möglich";"mittel";"Innerhalb des definierten Akzeptanzniveaus";"Das Restrisiko einer Fehlnutzung muss akzeptiert werden, da andernfalls keine Versorgung erfolgen kann.";"Hinweis in GA: Handhabung / Funktion"
"6 Ungeeignete, unzulängliche oder zu komplizierte Schnittstelle mit dem Anwender 6.2 Lücken und Irrtümer der kognitiven Erinnerung";"ja";"Ungeschicktes oder unkontrolliertes Ziehen an der Bandage";"Bandage wird verdreht angezogen und verursacht dadurch Druckstellen und Passformprobleme; Handverletzung";"sehr wahrscheinlich";"hoch";"Überschreitet das definierte Akzeptanzniveau";"Prothesengebrauchsschulung, Unterweisung der Patienten";"möglich";"mittel";"Innerhalb des definierten Akzeptanzniveaus";"Das Restrisiko einer Fehlnutzung muss akzeptiert werden, da andernfalls keine Versorgung erfolgen kann.";"Hinweis in GA: Handhabung / Funktion"
"6 Ungeeignete, unzulängliche oder zu komplizierte Schnittstelle mit dem Anwender 6.2 Lücken und Irrtümer der kognitiven Erinnerung";"ja";"Unsachgemäße Anwendung, Unachtsamkeit";"Verletzungen durch Greifgerät";"möglich";"hoch";"Überschreitet das definierte Akzeptanzniveau";"Unterweisung der Patienten durch qualifizierte Mitarbeiter";"unwahrscheinlich";"hoch";"Innerhalb des definierten Akzeptanzniveaus";"Das Restrisiko einer Fehlnutzung muss akzeptiert werden, da andernfalls keine Versorgung erfolgen kann.";"Hinweis in GA: Einsatz- und Belastungsgrenzen, Handhabung / Funktionsweise"
"6 Ungeeignete, unzulängliche oder zu komplizierte Schnittstelle mit dem Anwender 6.3 Versehen und Fehler (auf körperlicher oder geistiger Grundlage)";"ja";"Prothese wird nicht korrekt angezogen, Handhabungsfehler; keine korrekte Passform des Prothesenschaftes";"Hautschädigung durch Einklemmen während des Anziehens";"sehr wahrscheinlich";"hoch";"Überschreitet das definierte Akzeptanzniveau";"Systematische Zustandserhebung, Anprobe und Unterweisung der Patienten durch qualifizierte Mitarbeiter";"möglich";"mittel";"Innerhalb des definierten Akzeptanzniveaus";"Das Restrisiko einer Fehlnutzung muss akzeptiert werden, da andernfalls keine Versorgung erfolgen kann.";"Hinweis in GA: An- und Ablegen der Prothese"
"6 Ungeeignete, unzulängliche oder zu komplizierte Schnittstelle mit dem Anwender 6.3 Versehen und Fehler (auf körperlicher oder geistiger Grundlage)";"ja";"Unsachgemäße Anwendung, Unachtsamkeit";"Verletzungen durch Greifgerät";"möglich";"hoch";"Überschreitet das definierte Akzeptanzniveau";"Unterweisung der Patienten durch qualifizierte Mitarbeiter";"unwahrscheinlich";"hoch";"Innerhalb des definierten Akzeptanzniveaus";"Das Restrisiko einer Fehlnutzung muss akzeptiert werden, da andernfalls keine Versorgung erfolgen kann.";"Hinweis in GA: Einsatz- und Belastungsgrenzen, Handhabung / Funktionsweise"
"6 Ungeeignete, unzulängliche oder zu komplizierte Schnittstelle mit dem Anwender 6.5 kompliziertes oder verwirrendes Steuersystem";"ja";"Unsachgemäße Anwendung, Unachtsamkeit";"Verletzung durch nicht sicher gefasste Gegenstände";"möglich";"hoch";"Überschreitet das definierte Akzeptanzniveau";"Unterweisung der Patienten durch qualifizierte Mitarbeiter";"unwahrscheinlich";"hoch";"Innerhalb des definierten Akzeptanzniveaus";"Das Restrisiko einer Fehlnutzung muss akzeptiert werden, da andernfalls keine Versorgung erfolgen kann.";"Hinweis in GA: Einsatz- und Belastungsgrenzen, Handhabung / Funktionsweise"
"6 Ungeeignete, unzulängliche oder zu komplizierte Schnittstelle mit dem Anwender 6.6 zweifelhafter oder unklarer Zustand des Gerätes";"ja";"Funktionsverlust der Akkumulatoren, Entladung, Materialverschleiß, Materialzersetzung";"Verletzung durch nicht sicher gefasste Gegenstände";"wahrscheinlich";"hoch";"Überschreitet das definierte Akzeptanzniveau";"Unterweisung der Patienten durch qualifizierte Mitarbeiter";"unwahrscheinlich";"hoch";"Innerhalb des definierten Akzeptanzniveaus";"Das Restrisiko eines Verlustes oder einer Fehlsteuerung muss akzeptiert werden, da andernfalls keine Versorgung erfolgen kann.";"Hinweis in GA: Einsatz- und Belastungsgrenzen, Handhabung / Funktionsweise, Inspektion / Wartung"
"7 Gefährdungen infolge von Funktionsfehlern, falscher Wartung und Alterung 7.1 fehlerhafte Datenübertragung";"ja";"Funktionsverlust, Steuerungsfehler";"Verletzung durch nicht sicher gefasste Gegenstände";"möglich";"hoch";"Überschreitet das definierte Akzeptanzniveau";"Anwendung technischer Informationen; Anprobe durch qualifizierte Mitarbeiter";"unwahrscheinlich";"niedrig";"Innerhalb des definierten Akzeptanzniveaus";"Das Restrisiko eines Verlustes oder einer Fehlsteuerung muss akzeptiert werden, da andernfalls keine Versorgung erfolgen kann.";
"7 Gefährdungen infolge von Funktionsfehlern, falscher Wartung und Alterung 7.2 fehlende oder unzureichende Spezifikationen für die Wartung einschließlich unzureichender Spezifikation für Funktionsprüfung nach der Wartung
7 Gefährdungen infolge von Funktionsfehlern, falscher Wartung und Alterung 7.3 unzureichende Wartung";"ja";"Materialverschleiß, Überlastung, unsachgemäße Anwendung";"Hautschädigung durch Materialermüdung, Bruch der Prothese, Sturzgefahr durch unzureichende elektronische oder mechanische Funktionalität,";"sehr wahrscheinlich";"besonders hoch";"Überschreitet das definierte Akzeptanzniveau";"Systematische Zustandserhebung und Festlegung der Versorgung durch qualifizierte Mitarbeiter; Unterweisung der Patienten durch qualifizierte Mitarbeiter";"unwahrscheinlich";"besonders hoch";"Innerhalb des definierten Akzeptanzniveaus";"Das Restrisiko einer generellen Sturzgefahr und spontaner Weichteilschädigungen muss akzeptiert werden, da andernfalls keine Versorgung erfolgen kann.";"Hinweis in GA: Bestimmungsgemäßer Gebrauch, Einsatz- und Belastungsgrenzen, Inspektion / Wartung"
"7 Gefährdungen infolge von Funktionsfehlern, falscher Wartung und Alterung 7.5 Verlust der elektrischen/mechanischen Unversehrtheit";"ja";"Bandagendefekt";"Wundreibung, Prothese rutscht";"sehr wahrscheinlich";"hoch";"Überschreitet das definierte Akzeptanzniveau";"Unterweisung der Patienten durch qualifizierte Mitarbeiter";"unwahrscheinlich";"hoch";"Innerhalb des definierten Akzeptanzniveaus";"Das Restrisiko für spontane Weichteilschädigungen muss akzeptiert werden, da andernfalls keine Versorgung erfolgen kann.";"Hinweis in GA: Stumpfbehandlung, Stumpfhygiene, Reinigung / Desinfektion, Inspektion / Wartung"
"7 Gefährdungen infolge von Funktionsfehlern, falscher Wartung und Alterung 7.5 Verlust der elektrischen/mechanischen Unversehrtheit";"ja";"Funktionsverlust der Akkumulatoren, Entladung";"Verletzung durch nicht sicher gefasste Gegenstände";"sehr wahrscheinlich";"hoch";"Überschreitet das definierte Akzeptanzniveau";"Unterweisung der Patienten durch qualifizierte Mitarbeiter";"unwahrscheinlich";"hoch";"Innerhalb des definierten Akzeptanzniveaus";"Das Restrisiko einer Fehlnutzung muss akzeptiert werden, da andernfalls keine Versorgung erfolgen kann.";"Hinweis in GA: Einsatz- und Belastungsgrenzen, Handhabung / Funktionsweise"
"7 Gefährdungen infolge von Funktionsfehlern, falscher Wartung und Alterung 7.6 ungeeignete Verpackung (Verunreinigung und/oder Beeinträchtigung des Medizinprodukts)";"ja";"Mangelhafte Verpackung, mangelhafte Sicherung während des Transports";"Zerstörung / Beschädigung der Prothese während der Lagerung / Transport";"möglich";"hoch";"Überschreitet das definierte Akzeptanzniveau";"Ausreichende Verpackung, ausreichende Sicherung während des Transports";"unwahrscheinlich";"hoch";"Innerhalb des definierten Akzeptanzniveaus";"Das Restrisiko im Versandfall muss akzeptiert werden, da im Einzelfall ein Versand unumgänglich ist um die Versorgung im Sinne der Compliance sicherstellen zu können.";
"7 Gefährdungen infolge von Funktionsfehlern, falscher Wartung und Alterung 7.7 Wiederverwendung und/oder unrichtige Wiederverwendung";"ja";"mangelnde Reinigung der Prothese";"Hautschädigung, Reizung, Unverträglichkeit, Sensibilisierung, Infektion";"sehr wahrscheinlich";"hoch";"Überschreitet das definierte Akzeptanzniveau";"Systematische Zustandserhebung und Festlegung der Versorgung durch qualifizierte Mitarbeiter";"unwahrscheinlich";"hoch";"Innerhalb des definierten Akzeptanzniveaus";"Das Restrisiko für spontane Weichteilschädigungen muss akzeptiert werden, da andernfalls keine Versorgung erfolgen kann.";"Hinweis in GA: Stumpfbehandlung, Stumpfhygiene, Reinigung / Desinfektion"
"7 Gefährdungen infolge von Funktionsfehlern, falscher Wartung und Alterung 7.8 Funktionsverschlechterung (z. B. zunehmender Verschluss von Flüssigkeits-oder Gasleitungen, oder Veränderungen des Strömungswiderstandes oder der elektrischen Leitfähigkeit) als Ergebnis widerholten Gebrauchs";"ja";"Alterung der Anziehhilfe, scharfe Kanten am Ausziehloch, falsche Anziehtechnik";"Handverletzung";"sehr wahrscheinlich";"hoch";"Überschreitet das definierte Akzeptanzniveau";"Sichtprüfung vor Anprobe; Unterweisung der Patienten durch qualifizierte Mitarbeiter";"möglich";"mittel";"Innerhalb des definierten Akzeptanzniveaus";"Das Restrisiko für spontane Weichteilschädigungen muss akzeptiert werden, da andernfalls keine Versorgung erfolgen kann.";
"7 Gefährdungen infolge von Funktionsfehlern, falscher Wartung und Alterung 7.8 Funktionsverschlechterung (z. B. zunehmender Verschluss von Flüssigkeits-oder Gasleitungen, oder Veränderungen des Strömungswiderstandes oder der elektrischen Leitfähigkeit) als Ergebnis widerholten Gebrauchs";"ja";"Kabelbruch (elektrisch oder mechanisch), Defekt der Greifkomponente";"Verletzung durch nicht sicher gefasste Gegenstände";"möglich";"hoch";"Überschreitet das definierte Akzeptanzniveau";"Unterweisung der Patienten durch qualifizierte Mitarbeiter";"unwahrscheinlich";"hoch";"Innerhalb des definierten Akzeptanzniveaus";"Das Restrisiko eines Verlustes oder einer Fehlsteuerung muss akzeptiert werden, da andernfalls keine Versorgung erfolgen kann.";"Hinweis in GA: Handhabung / Funktionsweise, Inspektion / Wartung"
"7 Gefährdungen infolge von Funktionsfehlern, falscher Wartung und Alterung 7.8 Funktionsverschlechterung (z. B. zunehmender Verschluss von Flüssigkeits-oder Gasleitungen, oder Veränderungen des Strömungswiderstandes oder der elektrischen Leitfähigkeit) als Ergebnis widerholten Gebrauchs";"ja";"Materialverschleiß, Überlastung, unsachgemäße Anwendung";"Hautschädigung durch Materialermüdung, Bruch der Prothese";"sehr wahrscheinlich";"hoch";"Überschreitet das definierte Akzeptanzniveau";"Systematische Zustandserhebung und Festlegung der Versorgung durch qualifizierte Mitarbeiter; Herstellerrichtlinien einhalten; Verwendung von freigegebenen Komponentenkombinationen; Anprobe durch qualifizierte Mitarbeiter";"unwahrscheinlich";"hoch";"Innerhalb des definierten Akzeptanzniveaus";"Das Restrisiko für spontane Weichteilschädigungen muss akzeptiert werden, da andernfalls keine Versorgung erfolgen kann.";"Hinweis in GA: Bestimmungsgemäßer Gebrauch, Einsatz- und Belastungsgrenzen, Inspektion / Wartung"
"7 Gefährdungen infolge von Funktionsfehlern, falscher Wartung und Alterung 7.8 Funktionsverschlechterung (z. B. zunehmender Verschluss von Flüssigkeits-oder Gasleitungen, oder Veränderungen des Strömungswiderstandes oder der elektrischen Leitfähigkeit) als Ergebnis widerholten Gebrauchs";"ja";"Verschluss, Verschmutzung der Kontakte";"Verletzung durch nicht sicher gefasste Gegenstände";"möglich";"hoch";"Überschreitet das definierte Akzeptanzniveau";"Unterweisung der Patienten durch qualifizierte Mitarbeiter";"unwahrscheinlich";"hoch";"Innerhalb des definierten Akzeptanzniveaus";"Das Restrisiko eines Verlustes oder einer Fehlsteuerung muss akzeptiert werden, da andernfalls keine Versorgung erfolgen kann.";"Hinweis in GA: Handhabung / Funktionsweise, Inspektion / Wartung"
"8 Gefährdungen infolge von Herstellungsfehlern 8.3 Fehlerhafte herstellungsbegleitende Prüfungen";"ja";"Adipöse Stumpfverhältnisse mit starkem Weichteilüberhang; mangelhaftes Verschlußkonzept";"Hautschädigung durch Einklemmen im Bereich von Verschlüssen";"wahrscheinlich";"hoch";"Überschreitet das definierte Akzeptanzniveau";"Systematische Zustandserhebung, ggf. Änderung der Verschlusstechnik, Anprobe und Unterweisung der Patienten durch qualifizierte Mitarbeiter";"möglich";"mittel";"Innerhalb des definierten Akzeptanzniveaus";"Das Restrisiko für spontane Weichteilschädigungen muss akzeptiert werden, da andernfalls keine Versorgung erfolgen kann.";
"8 Gefährdungen infolge von Herstellungsfehlern 8.3 Fehlerhafte herstellungsbegleitende Prüfungen";"ja";"Eintrittsöffnung zu eng/Schaft zu eng";"Aufschieben der Weichteile";"möglich";"hoch";"Überschreitet das definierte Akzeptanzniveau";"Systematische Abformtechnik; Anprobe durch qualifizierte Mitarbeiter";"unwahrscheinlich";"hoch";"Innerhalb des definierten Akzeptanzniveaus";"Das Restrisiko für spontane Weichteilschädigungen muss akzeptiert werden, da andernfalls keine Versorgung erfolgen kann.";
"8 Gefährdungen infolge von Herstellungsfehlern 8.3 Fehlerhafte herstellungsbegleitende Prüfungen";"ja";"Kontaktverlust der Elektroden durch ungenügende Passform, Stumpfschwankungen";"Verletzung durch nicht sicher gefasste Gegenstände";"möglich";"hoch";"Überschreitet das definierte Akzeptanzniveau";"Prüfung vor Abgabe";"unwahrscheinlich";"hoch";"Innerhalb des definierten Akzeptanzniveaus";"Das Restrisiko eines Verlustes oder einer Fehlsteuerung muss akzeptiert werden, da andernfalls keine Versorgung erfolgen kann.";"Hinweis in GA: Verhalten bei Stumpfschwankungen"
"8 Gefährdungen infolge von Herstellungsfehlern 8.3 Fehlerhafte herstellungsbegleitende Prüfungen";"ja";"Liner sitzt zu locker, falsche Strumpfgröße oder Form";"Hautschädigung durch Faltenwurf des Liners";"wahrscheinlich";"hoch";"Überschreitet das definierte Akzeptanzniveau";"Systematische Maß- und Abformtechnik, Anprobe durch qualifizierte Mitarbeiter, Strumpfgröße durch Mitarbeiter/in kontrollieren";"möglich";"mittel";"Innerhalb des definierten Akzeptanzniveaus";"Das Restrisiko für spontane Weichteilschädigungen muss akzeptiert werden, da andernfalls keine Versorgung erfolgen kann.";
"8 Gefährdungen infolge von Herstellungsfehlern 8.3 Fehlerhafte herstellungsbegleitende Prüfungen";"ja";"Schaft proximal oder distal zu weit oder zu eng oder zu kurz";"Durchblutungsstörungen/ Verfärbungen der Haut";"möglich";"besonders hoch";"Überschreitet das definierte Akzeptanzniveau";"Systematische Abformtechnik; Anprobe durch qualifizierte Mitarbeiter";"unwahrscheinlich";"hoch";"Innerhalb des definierten Akzeptanzniveaus";"Das Restrisiko für spontane Weichteilschädigungen muss akzeptiert werden, da andernfalls keine Versorgung erfolgen kann.";
"8 Gefährdungen infolge von Herstellungsfehlern 8.3 Fehlerhafte herstellungsbegleitende Prüfungen";"ja";"Steuerungskabel zu kurz";"Steuerungskabel schneidet ein";"möglich";"hoch";"Überschreitet das definierte Akzeptanzniveau";"Prüfung vor der Abgabe; Anprobe durch qualifizierte Mitarbeiter";"unwahrscheinlich";"mittel";"Innerhalb des definierten Akzeptanzniveaus";"Das Restrisiko für spontane Weichteilschädigungen muss akzeptiert werden, da andernfalls keine Versorgung erfolgen kann.";
"8 Gefährdungen infolge von Herstellungsfehlern 8.3 Fehlerhafte herstellungsbegleitende Prüfungen";"ja";"Unzureichender Endkontakt";"Hautirritation am Stumpfende, Ödembildung";"möglich";"hoch";"Überschreitet das definierte Akzeptanzniveau";"Anprobe durch qualifizierte Mitarbeiter";"unwahrscheinlich";"hoch";"Innerhalb des definierten Akzeptanzniveaus";"Das Restrisiko für spontane Weichteilschädigungen muss akzeptiert werden, da andernfalls keine Versorgung erfolgen kann.";
"8 Gefährdungen infolge von Herstellungsfehlern 8.3 Fehlerhafte herstellungsbegleitende Prüfungen";"ja";"Unzureichender Endkontakt, Schaft zu eng";"Durchblutungsstörungen, gesteigerter Phantomschmerz";"möglich";"besonders hoch";"Überschreitet das definierte Akzeptanzniveau";"Systematische Abformtechnik; Anfertigung eines Innenschaftes mit Endkontakt; Anprobe durch qualifizierte Mitarbeiter, Kontrolle des Schaftvolumens";"unwahrscheinlich";"hoch";"Innerhalb des definierten Akzeptanzniveaus";"Das Restrisiko für spontane Weichteilschädigungen muss akzeptiert werden, da andernfalls keine Versorgung erfolgen kann.";
"8 Gefährdungen infolge von Herstellungsfehlern 8.4 Fehlerhafte Fertigung";"ja";;"Hautschädigung durch Materialermüdung, Bruch der Prothese, Kontamination, Festigkeitsverlust von Verbindungen";"möglich";"hoch";"Überschreitet das definierte Akzeptanzniveau";"Systematische Zustandserhebung und Festlegung der Versorgung durch qualifizierte Mitarbeiter; Herstellerrichtlinien einhalten; Verwendung von freigegebenen Komponentenkombinationen; Durchführung und Zwischenevaluation durch qualifizierte Mitarbeiter; Checklisten zur Qualitätssicherung; Festlegung von Prozessen durch qualifizierte Mitarbeiter";"unwahrscheinlich";"hoch";"Innerhalb des definierten Akzeptanzniveaus";"Das Restrisiko für spontane Weichteilschädigungen muss akzeptiert werden, da andernfalls keine Versorgung erfolgen kann.";
"8 Gefährdungen infolge von Herstellungsfehlern 8.4 Fehlerhafte Fertigung";"ja";"Kontaktschaftventilgehäuse wird beim Herausziehen der Anziehhilfe aus dem flexiblen Innenschaft gerissen. Verarbeitungsfehler bei der Herstellung des Innenschafts oder des Außenschafts, Alterung des Materials.";"Funktionsdefizite wegen Rutschen, Verdrehen oder Verlust der Prothese";"möglich";"hoch";"Überschreitet das definierte Akzeptanzniveau";"Prüfung vor Anprobe; Arbeitsanweisung für die Mitarbeiter";"möglich";"mittel";"Innerhalb des definierten Akzeptanzniveaus";"Das Restrisiko eines Verlustes oder einer Fehlsteuerung muss akzeptiert werden, da andernfalls keine Versorgung erfolgen kann.";"Hinweis in GA: Inspektion / Wartung"
"8 Gefährdungen infolge von Herstellungsfehlern 8.5 Fehlerhafte Endprüfung";"ja";"Fehlende oder fehlerhafte Gelenkabdeckung";"Einklemmen von Körperteilen";"möglich";"hoch";"Überschreitet das definierte Akzeptanzniveau";"Systematische Zustandserhebung und Festlegung der Versorgung durch qualifizierte Mitarbeiter; Schutz durch Gelenkabdeckung";"unwahrscheinlich";"hoch";"Innerhalb des definierten Akzeptanzniveaus";"Das Restrisiko für spontane Weichteilschädigungen muss akzeptiert werden, da andernfalls keine Versorgung erfolgen kann.";"Hinweis in GA: Handhabung / Funktionsweise / Risiken, Inspektion / Wartung"
"8 Gefährdungen infolge von Herstellungsfehlern 8.5 Fehlerhafte Endprüfung";"ja";"Hervorstehende Komponenten, Bandagenzüge, Verschlüsse";"Verschleiß der Kleidung";"möglich";"mittel";"Innerhalb des definierten Akzeptanzniveaus";"Sichtprüfung vor Anprobe; Anbringung von Abdeckungen";"unwahrscheinlich";"mittel";"Innerhalb des definierten Akzeptanzniveaus";"Das Restrisiko für spontane Schädigungen der Kleidung muss akzeptiert werden, da andernfalls keine Versorgung erfolgen kann.";
"8 Gefährdungen infolge von Herstellungsfehlern 8.6 Fehlerhafte Produktfreigabe";"ja";;"Funktionsverlust, Schädigung des Patienten";"möglich";"hoch";"Überschreitet das definierte Akzeptanzniveau";"Abnahme durch qualifizierte Mitarbeiter";"unwahrscheinlich";"hoch";"Innerhalb des definierten Akzeptanzniveaus";"Das Restrisiko eines Verlustes oder einer Fehlsteuerung muss akzeptiert werden, da andernfalls keine Versorgung erfolgen kann.";
"8 Gefährdungen infolge von Herstellungsfehlern 8.6 Fehlerhafte Produktfreigabe";"ja";"Mangel bei Endkontrolle übersehen";"Druckstellen/ mangelnde Korrektur/Passform";"möglich";"besonders hoch";"Überschreitet das definierte Akzeptanzniveau";"Qualitätskontrolle durch qualifizierte Mitarbeiter, Mitarbeitereinweisung";"unwahrscheinlich";"hoch";"Innerhalb des definierten Akzeptanzniveaus";"Das Restrisiko einer insuffizienten Versorgung oder Funktionsreduktion muss akzeptiert werden, da andernfalls keine Versorgung erfolgen kann.";
"8 Gefährdungen infolge von Herstellungsfehlern 8.6 Fehlerhafte Produktfreigabe";"ja";"Mangelhafte Prüfung der Produktkonformität";"Funktionsverlust, Schädigung des Patienten";"möglich";"hoch";"Überschreitet das definierte Akzeptanzniveau";"Abnahme durch qualifizierte Mitarbeiter";"unwahrscheinlich";"hoch";"Innerhalb des definierten Akzeptanzniveaus";"Das Restrisiko einer insuffizienten Versorgung oder Funktionsreduktion muss akzeptiert werden, da andernfalls keine Versorgung erfolgen kann.";
"8 Gefährdungen infolge von Herstellungsfehlern 8.6 Fehlerhafte Produktfreigabe";"ja";"unzureichende Einweisung des Anwenders";"Verlust des medizinischen / therapeutischen Nutzens; Verschlechterung des Zustands der Patienten";"wahrscheinlich";"besonders hoch";"Überschreitet das definierte Akzeptanzniveau";"Abgabe durch qualifizierte Mitarbeiter";"möglich";"niedrig";"Innerhalb des definierten Akzeptanzniveaus";"Das Restrisiko einer insuffizienten Versorgung oder Funktionsreduktion muss akzeptiert werden, da andernfalls keine Versorgung erfolgen kann.";
